Movie_Title,Movie_Links
10 Things I Hate About You,/Movie Scripts/10 Things I Hate About You Script.html
12,/Movie Scripts/12 Script.html
12 and Holding,/Movie Scripts/12 and Holding Script.html
12 Monkeys,/Movie Scripts/12 Monkeys Script.html
12 Years a Slave,/Movie Scripts/12 Years a Slave Script.html
127 Hours,/Movie Scripts/127 Hours Script.html
1492: Conquest of Paradise,/Movie Scripts/1492: Conquest of Paradise Script.html
15 Minutes,/Movie Scripts/15 Minutes Script.html
17 Again,/Movie Scripts/17 Again Script.html
187,/Movie Scripts/187 Script.html
2001: A Space Odyssey,/Movie Scripts/2001: A Space Odyssey Script.html
2012,/Movie Scripts/2012 Script.html
25th Hour,/Movie Scripts/25th Hour Script.html
30 Minutes or Less,/Movie Scripts/30 Minutes or Less Script.html
42,/Movie Scripts/42 Script.html
44 Inch Chest,/Movie Scripts/44 Inch Chest Script.html
48 Hrs.,/Movie Scripts/48 Hrs. Script.html
50-50,/Movie Scripts/50-50 Script.html
500 Days of Summer,/Movie Scripts/500 Days of Summer Script.html
8 Mile,/Movie Scripts/8 Mile Script.html
8MM,/Movie Scripts/8MM Script.html
9,/Movie Scripts/9 Script.html
A Few Good Men,/Movie Scripts/A Few Good Men Script.html
A Most Violent Year,/Movie Scripts/A Most Violent Year Script.html
A Scanner Darkly,/Movie Scripts/A Scanner Darkly Script.html
A Serious Man,/Movie Scripts/A Serious Man Script.html
A.I.,/Movie Scripts/A.I. Script.html
Above the Law,/Movie Scripts/Above the Law Script.html
Absolute Power,/Movie Scripts/Absolute Power Script.html
"Abyss, The","/Movie Scripts/Abyss, The Script.html"
Ace Ventura: Pet Detective,/Movie Scripts/Ace Ventura: Pet Detective Script.html
Adaptation,/Movie Scripts/Adaptation Script.html
"Addams Family, The","/Movie Scripts/Addams Family, The Script.html"
"Adjustment Bureau, The","/Movie Scripts/Adjustment Bureau, The Script.html"
"Adventures of Buckaroo Banzai Across the Eighth Dimension, The","/Movie Scripts/Adventures of Buckaroo Banzai Across the Eighth Dimension, The Script.html"
Affliction,/Movie Scripts/Affliction Script.html
After School Special,/Movie Scripts/After School Special Script.html
After.Life,/Movie Scripts/After.Life Script.html
Agnes of God,/Movie Scripts/Agnes of God Script.html
Air Force One,/Movie Scripts/Air Force One Script.html
Airplane,/Movie Scripts/Airplane Script.html
Airplane 2: The Sequel,/Movie Scripts/Airplane 2: The Sequel Script.html
Aladdin,/Movie Scripts/Aladdin Script.html
Ali,/Movie Scripts/Ali Script.html
Alien,/Movie Scripts/Alien Script.html
Alien 3,/Movie Scripts/Alien 3 Script.html
Alien Nation,/Movie Scripts/Alien Nation Script.html
Alien vs. Predator,/Movie Scripts/Alien vs. Predator Script.html
Alien: Resurrection,/Movie Scripts/Alien: Resurrection Script.html
Aliens,/Movie Scripts/Aliens Script.html
All About Eve,/Movie Scripts/All About Eve Script.html
All About Steve,/Movie Scripts/All About Steve Script.html
All the King's Men,/Movie Scripts/All the King's Men Script.html
All the President's Men,/Movie Scripts/All the President's Men Script.html
Almost Famous,/Movie Scripts/Almost Famous Script.html
Alone in the Dark,/Movie Scripts/Alone in the Dark Script.html
Amadeus,/Movie Scripts/Amadeus Script.html
Amelia,/Movie Scripts/Amelia Script.html
American Beauty,/Movie Scripts/American Beauty Script.html
American Gangster,/Movie Scripts/American Gangster Script.html
American Graffiti,/Movie Scripts/American Graffiti Script.html
American History X,/Movie Scripts/American History X Script.html
American Hustle,/Movie Scripts/American Hustle Script.html
American Madness,/Movie Scripts/American Madness Script.html
American Milkshake,/Movie Scripts/American Milkshake Script.html
American Outlaws,/Movie Scripts/American Outlaws Script.html
American Pie,/Movie Scripts/American Pie Script.html
"American President, The","/Movie Scripts/American President, The Script.html"
American Psycho,/Movie Scripts/American Psycho Script.html
American Shaolin: King of Kickboxers II,/Movie Scripts/American Shaolin: King of Kickboxers II Script.html
American Sniper,/Movie Scripts/American Sniper Script.html
American Splendor,/Movie Scripts/American Splendor Script.html
American Werewolf in London,/Movie Scripts/American Werewolf in London Script.html
"American, The","/Movie Scripts/American, The Script.html"
"Amityville Asylum, The","/Movie Scripts/Amityville Asylum, The Script.html"
Amour,/Movie Scripts/Amour Script.html
An Education,/Movie Scripts/An Education Script.html
Analyze That,/Movie Scripts/Analyze That Script.html
Analyze This,/Movie Scripts/Analyze This Script.html
Anastasia,/Movie Scripts/Anastasia Script.html
Angel Eyes,/Movie Scripts/Angel Eyes Script.html
Angels & Demons,/Movie Scripts/Angels & Demons Script.html
Anna Karenina,/Movie Scripts/Anna Karenina Script.html
Annie Hall,/Movie Scripts/Annie Hall Script.html
"Anniversary Party, The","/Movie Scripts/Anniversary Party, The Script.html"
Anonymous,/Movie Scripts/Anonymous Script.html
Antitrust,/Movie Scripts/Antitrust Script.html
Antz,/Movie Scripts/Antz Script.html
"Apartment, The","/Movie Scripts/Apartment, The Script.html"
Apocalypse Now,/Movie Scripts/Apocalypse Now Script.html
Apollo 13,/Movie Scripts/Apollo 13 Script.html
April Fool's Day,/Movie Scripts/April Fool's Day Script.html
Apt Pupil,/Movie Scripts/Apt Pupil Script.html
Arbitrage,/Movie Scripts/Arbitrage Script.html
Arcade,/Movie Scripts/Arcade Script.html
Arctic Blue,/Movie Scripts/Arctic Blue Script.html
Argo,/Movie Scripts/Argo Script.html
Armageddon,/Movie Scripts/Armageddon Script.html
Army of Darkness,/Movie Scripts/Army of Darkness Script.html
Arsenic and Old Lace,/Movie Scripts/Arsenic and Old Lace Script.html
Arthur,/Movie Scripts/Arthur Script.html
"Artist, The","/Movie Scripts/Artist, The Script.html"
As Good As It Gets,/Movie Scripts/As Good As It Gets Script.html
Assassins,/Movie Scripts/Assassins Script.html
"Assignment, The","/Movie Scripts/Assignment, The Script.html"
At First Sight,/Movie Scripts/At First Sight Script.html
August: Osage County,/Movie Scripts/August: Osage County Script.html
Austin Powers - International Man of Mystery,/Movie Scripts/Austin Powers - International Man of Mystery Script.html
Austin Powers - The Spy Who Shagged Me,/Movie Scripts/Austin Powers - The Spy Who Shagged Me Script.html
Authors Anonymous,/Movie Scripts/Authors Anonymous Script.html
Autumn in New York,/Movie Scripts/Autumn in New York Script.html
Avatar,/Movie Scripts/Avatar Script.html
"Avengers, The","/Movie Scripts/Avengers, The Script.html"
"Avengers, The (2012)","/Movie Scripts/Avengers, The (2012) Script.html"
"Avventura, L' (The Adventure)","/Movie Scripts/Avventura, L' (The Adventure) Script.html"
Awakenings,/Movie Scripts/Awakenings Script.html
Babel,/Movie Scripts/Babel Script.html
Bachelor Party,/Movie Scripts/Bachelor Party Script.html
"Bachelor Party, The","/Movie Scripts/Bachelor Party, The Script.html"
Back to the Future,/Movie Scripts/Back to the Future Script.html
Back to the Future II & III,/Movie Scripts/Back to the Future II & III Script.html
"Back-up Plan, The","/Movie Scripts/Back-up Plan, The Script.html"
Backdraft,/Movie Scripts/Backdraft Script.html
Bad Boys,/Movie Scripts/Bad Boys Script.html
Bad Country,/Movie Scripts/Bad Country Script.html
Bad Day at Black Rock,/Movie Scripts/Bad Day at Black Rock Script.html
Bad Dreams,/Movie Scripts/Bad Dreams Script.html
Bad Lieutenant,/Movie Scripts/Bad Lieutenant Script.html
Bad Santa,/Movie Scripts/Bad Santa Script.html
Bad Teacher,/Movie Scripts/Bad Teacher Script.html
Badlands,/Movie Scripts/Badlands Script.html
Bamboozled,/Movie Scripts/Bamboozled Script.html
Barry Lyndon,/Movie Scripts/Barry Lyndon Script.html
Barton Fink,/Movie Scripts/Barton Fink Script.html
Basic,/Movie Scripts/Basic Script.html
Basic Instinct,/Movie Scripts/Basic Instinct Script.html
Basquiat,/Movie Scripts/Basquiat Script.html
Batman,/Movie Scripts/Batman Script.html
Batman 2,/Movie Scripts/Batman 2 Script.html
Batman and Robin,/Movie Scripts/Batman and Robin Script.html
Batman Begins,/Movie Scripts/Batman Begins Script.html
Batman Forever,/Movie Scripts/Batman Forever Script.html
Batman Returns,/Movie Scripts/Batman Returns Script.html
"Battle of Algiers, The","/Movie Scripts/Battle of Algiers, The Script.html"
"Battle of Shaker Heights, The","/Movie Scripts/Battle of Shaker Heights, The Script.html"
Battle: Los Angeles,/Movie Scripts/Battle: Los Angeles Script.html
"Beach, The","/Movie Scripts/Beach, The Script.html"
Bean,/Movie Scripts/Bean Script.html
Beasts of No Nation,/Movie Scripts/Beasts of No Nation Script.html
Beasts of the Southern Wild,/Movie Scripts/Beasts of the Southern Wild Script.html
Beauty and the Beast,/Movie Scripts/Beauty and the Beast Script.html
Beavis and Butt-head Do America,/Movie Scripts/Beavis and Butt-head Do America Script.html
Beginners,/Movie Scripts/Beginners Script.html
Being Human,/Movie Scripts/Being Human Script.html
Being John Malkovich,/Movie Scripts/Being John Malkovich Script.html
Being There,/Movie Scripts/Being There Script.html
"Believer, The","/Movie Scripts/Believer, The Script.html"
Belle,/Movie Scripts/Belle Script.html
Beloved,/Movie Scripts/Beloved Script.html
Benny & Joon,/Movie Scripts/Benny & Joon Script.html
"Best Exotic Marigold Hotel, The","/Movie Scripts/Best Exotic Marigold Hotel, The Script.html"
Big,/Movie Scripts/Big Script.html
"Big Blue, The","/Movie Scripts/Big Blue, The Script.html"
Big Eyes,/Movie Scripts/Big Eyes Script.html
Big Fish,/Movie Scripts/Big Fish Script.html
"Big Lebowski, The","/Movie Scripts/Big Lebowski, The Script.html"
"Big Sick, The","/Movie Scripts/Big Sick, The Script.html"
"Big White, The","/Movie Scripts/Big White, The Script.html"
Birdman,/Movie Scripts/Birdman Script.html
"Birds, The","/Movie Scripts/Birds, The Script.html"
Birthday Girl,/Movie Scripts/Birthday Girl Script.html
"Black Dahlia, The","/Movie Scripts/Black Dahlia, The Script.html"
Black Rain,/Movie Scripts/Black Rain Script.html
Black Snake Moan,/Movie Scripts/Black Snake Moan Script.html
Black Swan,/Movie Scripts/Black Swan Script.html
Blade,/Movie Scripts/Blade Script.html
Blade II,/Movie Scripts/Blade II Script.html
Blade Runner,/Movie Scripts/Blade Runner Script.html
Blade: Trinity,/Movie Scripts/Blade: Trinity Script.html
"Blast from the Past, The","/Movie Scripts/Blast from the Past, The Script.html"
"Blind Side, The","/Movie Scripts/Blind Side, The Script.html"
"Bling Ring, The","/Movie Scripts/Bling Ring, The Script.html"
Blood and Wine,/Movie Scripts/Blood and Wine Script.html
Blood Simple,/Movie Scripts/Blood Simple Script.html
Blow,/Movie Scripts/Blow Script.html
Blue Valentine,/Movie Scripts/Blue Valentine Script.html
Blue Velvet,/Movie Scripts/Blue Velvet Script.html
"Blues Brothers, The","/Movie Scripts/Blues Brothers, The Script.html"
"Bodies, Rest & Motion","/Movie Scripts/Bodies, Rest & Motion Script.html"
Body Heat,/Movie Scripts/Body Heat Script.html
Body of Evidence,/Movie Scripts/Body of Evidence Script.html
Bodyguard,/Movie Scripts/Bodyguard Script.html
Bones,/Movie Scripts/Bones Script.html
Bonfire of the Vanities,/Movie Scripts/Bonfire of the Vanities Script.html
Bonnie and Clyde,/Movie Scripts/Bonnie and Clyde Script.html
Boogie Nights,/Movie Scripts/Boogie Nights Script.html
"Book of Eli, The","/Movie Scripts/Book of Eli, The Script.html"
Boondock Saints 2: All Saints Day,/Movie Scripts/Boondock Saints 2: All Saints Day Script.html
"Boondock Saints, The","/Movie Scripts/Boondock Saints, The Script.html"
Bottle Rocket,/Movie Scripts/Bottle Rocket Script.html
Bound,/Movie Scripts/Bound Script.html
"Bounty Hunter, The","/Movie Scripts/Bounty Hunter, The Script.html"
"Bourne Identity, The","/Movie Scripts/Bourne Identity, The Script.html"
"Bourne Supremacy, The","/Movie Scripts/Bourne Supremacy, The Script.html"
"Bourne Ultimatum, The","/Movie Scripts/Bourne Ultimatum, The Script.html"
"Box, The","/Movie Scripts/Box, The Script.html"
"Boxtrolls, The","/Movie Scripts/Boxtrolls, The Script.html"
Boyhood,/Movie Scripts/Boyhood Script.html
Braveheart,/Movie Scripts/Braveheart Script.html
Brazil,/Movie Scripts/Brazil Script.html
Break,/Movie Scripts/Break Script.html
Breakdown,/Movie Scripts/Breakdown Script.html
"Breakfast Club, The","/Movie Scripts/Breakfast Club, The Script.html"
Breaking Away,/Movie Scripts/Breaking Away Script.html
Brick,/Movie Scripts/Brick Script.html
Bridesmaids,/Movie Scripts/Bridesmaids Script.html
Bringing Out the Dead,/Movie Scripts/Bringing Out the Dead Script.html
Broadcast News,/Movie Scripts/Broadcast News Script.html
Broken Arrow,/Movie Scripts/Broken Arrow Script.html
Broken Embraces,/Movie Scripts/Broken Embraces Script.html
"Brothers Bloom, The","/Movie Scripts/Brothers Bloom, The Script.html"
Bruce Almighty,/Movie Scripts/Bruce Almighty Script.html
Buffy the Vampire Slayer,/Movie Scripts/Buffy the Vampire Slayer Script.html
Bull Durham,/Movie Scripts/Bull Durham Script.html
Buried,/Movie Scripts/Buried Script.html
Burlesque,/Movie Scripts/Burlesque Script.html
Burn After Reading,/Movie Scripts/Burn After Reading Script.html
Burning Annie,/Movie Scripts/Burning Annie Script.html
"Butterfly Effect, The","/Movie Scripts/Butterfly Effect, The Script.html"
Cable Guy,/Movie Scripts/Cable Guy Script.html
Candle to Water,/Movie Scripts/Candle to Water Script.html
Capote,/Movie Scripts/Capote Script.html
Carrie,/Movie Scripts/Carrie Script.html
Cars 2,/Movie Scripts/Cars 2 Script.html
Casablanca,/Movie Scripts/Casablanca Script.html
Case 39,/Movie Scripts/Case 39 Script.html
Casino,/Movie Scripts/Casino Script.html
Cast Away,/Movie Scripts/Cast Away Script.html
Catch Me If You Can,/Movie Scripts/Catch Me If You Can Script.html
Catwoman,/Movie Scripts/Catwoman Script.html
Cecil B. Demented,/Movie Scripts/Cecil B. Demented Script.html
Cedar Rapids,/Movie Scripts/Cedar Rapids Script.html
Celeste & Jesse Forever,/Movie Scripts/Celeste & Jesse Forever Script.html
"Cell, The","/Movie Scripts/Cell, The Script.html"
Cellular,/Movie Scripts/Cellular Script.html
"Change-Up, The","/Movie Scripts/Change-Up, The Script.html"
Changeling,/Movie Scripts/Changeling Script.html
Chaos,/Movie Scripts/Chaos Script.html
Charade,/Movie Scripts/Charade Script.html
Charlie's Angels,/Movie Scripts/Charlie's Angels Script.html
Chasing Amy,/Movie Scripts/Chasing Amy Script.html
Chasing Sleep,/Movie Scripts/Chasing Sleep Script.html
Cherry Falls,/Movie Scripts/Cherry Falls Script.html
Chinatown,/Movie Scripts/Chinatown Script.html
Christ Complex,/Movie Scripts/Christ Complex Script.html
Chronicle,/Movie Scripts/Chronicle Script.html
"Chronicles of Narnia: The Lion, the Witch and the Wardrobe","/Movie Scripts/Chronicles of Narnia: The Lion, the Witch and the Wardrobe Script.html"
"Cider House Rules, The","/Movie Scripts/Cider House Rules, The Script.html"
"Cincinnati Kid, The","/Movie Scripts/Cincinnati Kid, The Script.html"
Cinema Paradiso,/Movie Scripts/Cinema Paradiso Script.html
Cirque du Freak: The Vampire's Assistant,/Movie Scripts/Cirque du Freak: The Vampire's Assistant Script.html
Citizen Kane,/Movie Scripts/Citizen Kane Script.html
City of Joy,/Movie Scripts/City of Joy Script.html
Clash of the Titans,/Movie Scripts/Clash of the Titans Script.html
Clerks,/Movie Scripts/Clerks Script.html
Cliffhanger,/Movie Scripts/Cliffhanger Script.html
"Clockwork Orange, A","/Movie Scripts/Clockwork Orange, A Script.html"
Clueless,/Movie Scripts/Clueless Script.html
Cobb,/Movie Scripts/Cobb Script.html
Coco,/Movie Scripts/Coco Script.html
Code of Silence,/Movie Scripts/Code of Silence Script.html
Cold Mountain,/Movie Scripts/Cold Mountain Script.html
Collateral,/Movie Scripts/Collateral Script.html
Collateral Damage,/Movie Scripts/Collateral Damage Script.html
Colombiana,/Movie Scripts/Colombiana Script.html
Color of Night,/Movie Scripts/Color of Night Script.html
Commando,/Movie Scripts/Commando Script.html
Conan the Barbarian,/Movie Scripts/Conan the Barbarian Script.html
Confessions of a Dangerous Mind,/Movie Scripts/Confessions of a Dangerous Mind Script.html
Confidence,/Movie Scripts/Confidence Script.html
Constantine,/Movie Scripts/Constantine Script.html
Contact,/Movie Scripts/Contact Script.html
"Cooler, The","/Movie Scripts/Cooler, The Script.html"
Copycat,/Movie Scripts/Copycat Script.html
Coraline,/Movie Scripts/Coraline Script.html
Coriolanus,/Movie Scripts/Coriolanus Script.html
Courage Under Fire,/Movie Scripts/Courage Under Fire Script.html
Cowboys & Aliens,/Movie Scripts/Cowboys & Aliens Script.html
Cradle 2 the Grave,/Movie Scripts/Cradle 2 the Grave Script.html
Crank,/Movie Scripts/Crank Script.html
Crash,/Movie Scripts/Crash Script.html
"Crazy, Stupid, Love","/Movie Scripts/Crazy, Stupid, Love Script.html"
Crazylove,/Movie Scripts/Crazylove Script.html
Creation,/Movie Scripts/Creation Script.html
Crime Spree,/Movie Scripts/Crime Spree Script.html
"Croods, The","/Movie Scripts/Croods, The Script.html"
"Crouching Tiger, Hidden Dragon","/Movie Scripts/Crouching Tiger, Hidden Dragon Script.html"
Croupier,/Movie Scripts/Croupier Script.html
"Crow Salvation, The","/Movie Scripts/Crow Salvation, The Script.html"
"Crow, The","/Movie Scripts/Crow, The Script.html"
"Crow: City of Angels, The","/Movie Scripts/Crow: City of Angels, The Script.html"
Cruel Intentions,/Movie Scripts/Cruel Intentions Script.html
Crying Game,/Movie Scripts/Crying Game Script.html
Cube,/Movie Scripts/Cube Script.html
"Curious Case of Benjamin Button, The","/Movie Scripts/Curious Case of Benjamin Button, The Script.html"
Custody,/Movie Scripts/Custody Script.html
Dallas Buyers Club,/Movie Scripts/Dallas Buyers Club Script.html
"Damned United, The","/Movie Scripts/Damned United, The Script.html"
Dances with Wolves,/Movie Scripts/Dances with Wolves Script.html
Dark City,/Movie Scripts/Dark City Script.html
"Dark Knight Rises, The","/Movie Scripts/Dark Knight Rises, The Script.html"
"Dark Knight, The","/Movie Scripts/Dark Knight, The Script.html"
Dark Star,/Movie Scripts/Dark Star Script.html
Darkman,/Movie Scripts/Darkman Script.html
Date Night,/Movie Scripts/Date Night Script.html
Dave Barry's Complete Guide to Guys,/Movie Scripts/Dave Barry's Complete Guide to Guys Script.html
Dawn of the Dead,/Movie Scripts/Dawn of the Dead Script.html
Day of the Dead,/Movie Scripts/Day of the Dead Script.html
"Day the Clown Cried, The","/Movie Scripts/Day the Clown Cried, The Script.html"
"Day the Earth Stood Still, The","/Movie Scripts/Day the Earth Stood Still, The Script.html"
Days of Heaven,/Movie Scripts/Days of Heaven Script.html
Dead Poets Society,/Movie Scripts/Dead Poets Society Script.html
Deadpool,/Movie Scripts/Deadpool Script.html
Dear White People,/Movie Scripts/Dear White People Script.html
Death at a Funeral,/Movie Scripts/Death at a Funeral Script.html
Death to Smoochy,/Movie Scripts/Death to Smoochy Script.html
"Debt, The","/Movie Scripts/Debt, The Script.html"
Deception,/Movie Scripts/Deception Script.html
Deep Cover,/Movie Scripts/Deep Cover Script.html
Deep Rising,/Movie Scripts/Deep Rising Script.html
"Deer Hunter, The","/Movie Scripts/Deer Hunter, The Script.html"
Defiance,/Movie Scripts/Defiance Script.html
"Departed, The","/Movie Scripts/Departed, The Script.html"
"Descendants, The","/Movie Scripts/Descendants, The Script.html"
Despicable Me 2,/Movie Scripts/Despicable Me 2 Script.html
Detroit Rock City,/Movie Scripts/Detroit Rock City Script.html
Devil in a Blue Dress,/Movie Scripts/Devil in a Blue Dress Script.html
Devil's Advocate,/Movie Scripts/Devil's Advocate Script.html
Die Hard,/Movie Scripts/Die Hard Script.html
Die Hard 2,/Movie Scripts/Die Hard 2 Script.html
Diner,/Movie Scripts/Diner Script.html
"Distinguished Gentleman, The","/Movie Scripts/Distinguished Gentleman, The Script.html"
Disturbia,/Movie Scripts/Disturbia Script.html
Django Unchained,/Movie Scripts/Django Unchained Script.html
Do The Right Thing,/Movie Scripts/Do The Right Thing Script.html
Dog Day Afternoon,/Movie Scripts/Dog Day Afternoon Script.html
Dogma,/Movie Scripts/Dogma Script.html
Donnie Brasco,/Movie Scripts/Donnie Brasco Script.html
Donnie Darko,/Movie Scripts/Donnie Darko Script.html
"Doors, The","/Movie Scripts/Doors, The Script.html"
Double Indemnity,/Movie Scripts/Double Indemnity Script.html
Drag Me to Hell,/Movie Scripts/Drag Me to Hell Script.html
Dragonslayer,/Movie Scripts/Dragonslayer Script.html
Drive,/Movie Scripts/Drive Script.html
Drive Angry,/Movie Scripts/Drive Angry Script.html
Drop Dead Gorgeous,/Movie Scripts/Drop Dead Gorgeous Script.html
"Dry White Season, A","/Movie Scripts/Dry White Season, A Script.html"
Duck Soup,/Movie Scripts/Duck Soup Script.html
Dumb and Dumber,/Movie Scripts/Dumb and Dumber Script.html
Dune,/Movie Scripts/Dune Script.html
E.T.,/Movie Scripts/E.T. Script.html
Eagle Eye,/Movie Scripts/Eagle Eye Script.html
Eastern Promises,/Movie Scripts/Eastern Promises Script.html
Easy A,/Movie Scripts/Easy A Script.html
Ed TV,/Movie Scripts/Ed TV Script.html
Ed Wood,/Movie Scripts/Ed Wood Script.html
Edward Scissorhands,/Movie Scripts/Edward Scissorhands Script.html
Eight Legged Freaks,/Movie Scripts/Eight Legged Freaks Script.html
El Mariachi,/Movie Scripts/El Mariachi Script.html
Election,/Movie Scripts/Election Script.html
"Elephant Man, The","/Movie Scripts/Elephant Man, The Script.html"
Elizabeth: The Golden Age,/Movie Scripts/Elizabeth: The Golden Age Script.html
Enemy of the State,/Movie Scripts/Enemy of the State Script.html
"English Patient, The","/Movie Scripts/English Patient, The Script.html"
Enough,/Movie Scripts/Enough Script.html
Entrapment,/Movie Scripts/Entrapment Script.html
Equilibrium,/Movie Scripts/Equilibrium Script.html
Erik the Viking,/Movie Scripts/Erik the Viking Script.html
Erin Brockovich,/Movie Scripts/Erin Brockovich Script.html
Escape From L.A.,/Movie Scripts/Escape From L.A. Script.html
Escape From New York,/Movie Scripts/Escape From New York Script.html
Eternal Sunshine of the Spotless Mind,/Movie Scripts/Eternal Sunshine of the Spotless Mind Script.html
Even Cowgirls Get the Blues,/Movie Scripts/Even Cowgirls Get the Blues Script.html
Event Horizon,/Movie Scripts/Event Horizon Script.html
Evil Dead,/Movie Scripts/Evil Dead Script.html
Evil Dead II: Dead by Dawn,/Movie Scripts/Evil Dead II: Dead by Dawn Script.html
Ex Machina,/Movie Scripts/Ex Machina Script.html
Excalibur,/Movie Scripts/Excalibur Script.html
Executive Decision,/Movie Scripts/Executive Decision Script.html
eXistenZ,/Movie Scripts/eXistenZ Script.html
Extract,/Movie Scripts/Extract Script.html
Eyes Wide Shut,/Movie Scripts/Eyes Wide Shut Script.html
"Fabulous Baker Boys, The","/Movie Scripts/Fabulous Baker Boys, The Script.html"
Face Off,/Movie Scripts/Face Off Script.html
Fair Game,/Movie Scripts/Fair Game Script.html
"Family Man, The","/Movie Scripts/Family Man, The Script.html"
Fantastic Four,/Movie Scripts/Fantastic Four Script.html
Fantastic Mr Fox,/Movie Scripts/Fantastic Mr Fox Script.html
Fargo,/Movie Scripts/Fargo Script.html
Fast Times at Ridgemont High,/Movie Scripts/Fast Times at Ridgemont High Script.html
Fatal Instinct,/Movie Scripts/Fatal Instinct Script.html
"Fault in Our Stars, The","/Movie Scripts/Fault in Our Stars, The Script.html"
Fear and Loathing in Las Vegas,/Movie Scripts/Fear and Loathing in Las Vegas Script.html
Feast,/Movie Scripts/Feast Script.html
Ferris Bueller's Day Off,/Movie Scripts/Ferris Bueller's Day Off Script.html
Field of Dreams,/Movie Scripts/Field of Dreams Script.html
"Fifth Element, The","/Movie Scripts/Fifth Element, The Script.html"
Fight Club,/Movie Scripts/Fight Club Script.html
"Fighter, The","/Movie Scripts/Fighter, The Script.html"
Final Destination,/Movie Scripts/Final Destination Script.html
Final Destination 2,/Movie Scripts/Final Destination 2 Script.html
Finding Nemo,/Movie Scripts/Finding Nemo Script.html
Five Easy Pieces,/Movie Scripts/Five Easy Pieces Script.html
Flash Gordon,/Movie Scripts/Flash Gordon Script.html
Fletch,/Movie Scripts/Fletch Script.html
Flight,/Movie Scripts/Flight Script.html
"Flintstones, The","/Movie Scripts/Flintstones, The Script.html"
Forrest Gump,/Movie Scripts/Forrest Gump Script.html
Four Feathers,/Movie Scripts/Four Feathers Script.html
Four Rooms,/Movie Scripts/Four Rooms Script.html
Foxcatcher,/Movie Scripts/Foxcatcher Script.html
Fracture,/Movie Scripts/Fracture Script.html
Frances,/Movie Scripts/Frances Script.html
Frankenstein,/Movie Scripts/Frankenstein Script.html
Frankenweenie,/Movie Scripts/Frankenweenie Script.html
Freaked,/Movie Scripts/Freaked Script.html
Freddy vs. Jason,/Movie Scripts/Freddy vs. Jason Script.html
"French Connection, The","/Movie Scripts/French Connection, The Script.html"
Frequency,/Movie Scripts/Frequency Script.html
Friday the 13th,/Movie Scripts/Friday the 13th Script.html
Friday the 13th Part VIII: Jason Takes Manhattan,/Movie Scripts/Friday the 13th Part VIII: Jason Takes Manhattan Script.html
Fright Night,/Movie Scripts/Fright Night Script.html
Fright Night (1985),/Movie Scripts/Fright Night (1985) Script.html
From Dusk Till Dawn,/Movie Scripts/From Dusk Till Dawn Script.html
From Here to Eternity,/Movie Scripts/From Here to Eternity Script.html
Frozen,/Movie Scripts/Frozen Script.html
Frozen (Disney),/Movie Scripts/Frozen (Disney) Script.html
Frozen River,/Movie Scripts/Frozen River Script.html
Fruitvale Station,/Movie Scripts/Fruitvale Station Script.html
"Fugitive, The","/Movie Scripts/Fugitive, The Script.html"
Full Metal Jacket,/Movie Scripts/Full Metal Jacket Script.html
Funny People,/Movie Scripts/Funny People Script.html
Fury,/Movie Scripts/Fury Script.html
G.I. Jane,/Movie Scripts/G.I. Jane Script.html
G.I. Joe: The Rise of Cobra,/Movie Scripts/G.I. Joe: The Rise of Cobra Script.html
Game 6,/Movie Scripts/Game 6 Script.html
"Game, The","/Movie Scripts/Game, The Script.html"
Gamer,/Movie Scripts/Gamer Script.html
Gandhi,/Movie Scripts/Gandhi Script.html
Gang Related,/Movie Scripts/Gang Related Script.html
Gangs of New York,/Movie Scripts/Gangs of New York Script.html
Garden State,/Movie Scripts/Garden State Script.html
Gattaca,/Movie Scripts/Gattaca Script.html
Get Carter,/Movie Scripts/Get Carter Script.html
Get Low,/Movie Scripts/Get Low Script.html
Get on Up,/Movie Scripts/Get on Up Script.html
Get Out,/Movie Scripts/Get Out Script.html
Get Shorty,/Movie Scripts/Get Shorty Script.html
"Getaway, The","/Movie Scripts/Getaway, The Script.html"
Ghost,/Movie Scripts/Ghost Script.html
"Ghost and the Darkness, The","/Movie Scripts/Ghost and the Darkness, The Script.html"
Ghost Rider,/Movie Scripts/Ghost Rider Script.html
Ghost Ship,/Movie Scripts/Ghost Ship Script.html
Ghost World,/Movie Scripts/Ghost World Script.html
Ghostbusters,/Movie Scripts/Ghostbusters Script.html
Ghostbusters 2,/Movie Scripts/Ghostbusters 2 Script.html
Ginger Snaps,/Movie Scripts/Ginger Snaps Script.html
"Girl with the Dragon Tattoo, The","/Movie Scripts/Girl with the Dragon Tattoo, The Script.html"
Gladiator,/Movie Scripts/Gladiator Script.html
Glengarry Glen Gross,/Movie Scripts/Glengarry Glen Gross Script.html
Go,/Movie Scripts/Go Script.html
Godfather,/Movie Scripts/Godfather Script.html
Godfather Part II,/Movie Scripts/Godfather Part II Script.html
"Godfather Part III, The","/Movie Scripts/Godfather Part III, The Script.html"
Gods and Monsters,/Movie Scripts/Gods and Monsters Script.html
Godzilla,/Movie Scripts/Godzilla Script.html
Gone Baby Gone,/Movie Scripts/Gone Baby Gone Script.html
Gone in 60 Seconds,/Movie Scripts/Gone in 60 Seconds Script.html
"Good Girl, The","/Movie Scripts/Good Girl, The Script.html"
Good Will Hunting,/Movie Scripts/Good Will Hunting Script.html
Goodfellas,/Movie Scripts/Goodfellas Script.html
Gothika,/Movie Scripts/Gothika Script.html
Grabbers,/Movie Scripts/Grabbers Script.html
"Graduate, The","/Movie Scripts/Graduate, The Script.html"
Gran Torino,/Movie Scripts/Gran Torino Script.html
Grand Hotel,/Movie Scripts/Grand Hotel Script.html
Grand Theft Parsons,/Movie Scripts/Grand Theft Parsons Script.html
"Grapes of Wrath, The","/Movie Scripts/Grapes of Wrath, The Script.html"
Gravity,/Movie Scripts/Gravity Script.html
"Great Gatsby, The","/Movie Scripts/Great Gatsby, The Script.html"
"Green Mile, The","/Movie Scripts/Green Mile, The Script.html"
Gremlins,/Movie Scripts/Gremlins Script.html
Gremlins 2,/Movie Scripts/Gremlins 2 Script.html
"Grifters, The","/Movie Scripts/Grifters, The Script.html"
Grosse Point Blank,/Movie Scripts/Grosse Point Blank Script.html
Groundhog Day,/Movie Scripts/Groundhog Day Script.html
"Grudge, The","/Movie Scripts/Grudge, The Script.html"
Guardians of the Galaxy Vol 2,/Movie Scripts/Guardians of the Galaxy Vol 2 Script.html
Hackers,/Movie Scripts/Hackers Script.html
Hall Pass,/Movie Scripts/Hall Pass Script.html
Halloween: The Curse of Michael Myers,/Movie Scripts/Halloween: The Curse of Michael Myers Script.html
Hancock,/Movie Scripts/Hancock Script.html
"Hangover, The","/Movie Scripts/Hangover, The Script.html"
Hanna,/Movie Scripts/Hanna Script.html
Hannah and Her Sisters,/Movie Scripts/Hannah and Her Sisters Script.html
Hannibal,/Movie Scripts/Hannibal Script.html
"Happy Birthday, Wanda June","/Movie Scripts/Happy Birthday, Wanda June Script.html"
Happy Feet,/Movie Scripts/Happy Feet Script.html
Hard Rain,/Movie Scripts/Hard Rain Script.html
Hard to Kill,/Movie Scripts/Hard to Kill Script.html
Harold and Kumar Go to White Castle,/Movie Scripts/Harold and Kumar Go to White Castle Script.html
Harry Potter and the Chamber of Secrets,/Movie Scripts/Harry Potter and the Chamber of Secrets Script.html
Harry Potter and the Deathly Hallows Part 1,/Movie Scripts/Harry Potter and the Deathly Hallows Part 1 Script.html
Harry Potter and the Goblet of Fire,/Movie Scripts/Harry Potter and the Goblet of Fire Script.html
Harry Potter and the Half-Blood Prince,/Movie Scripts/Harry Potter and the Half-Blood Prince Script.html
Harry Potter and the Prisoner of Azkaban,/Movie Scripts/Harry Potter and the Prisoner of Azkaban Script.html
Harry Potter and the Sorcerer's Stone,/Movie Scripts/Harry Potter and the Sorcerer's Stone Script.html
"Haunting, The","/Movie Scripts/Haunting, The Script.html"
He's Just Not That Into You,/Movie Scripts/He's Just Not That Into You Script.html
Heat,/Movie Scripts/Heat Script.html
Heathers,/Movie Scripts/Heathers Script.html
Heavenly Creatures,/Movie Scripts/Heavenly Creatures Script.html
Heavy Metal,/Movie Scripts/Heavy Metal Script.html
"Hebrew Hammer, The","/Movie Scripts/Hebrew Hammer, The Script.html"
Heist,/Movie Scripts/Heist Script.html
Hellbound: Hellraiser II,/Movie Scripts/Hellbound: Hellraiser II Script.html
Hellboy,/Movie Scripts/Hellboy Script.html
Hellboy 2: The Golden Army,/Movie Scripts/Hellboy 2: The Golden Army Script.html
Hellraiser,/Movie Scripts/Hellraiser Script.html
Hellraiser 3: Hell on Earth,/Movie Scripts/Hellraiser 3: Hell on Earth Script.html
Hellraiser: Deader,/Movie Scripts/Hellraiser: Deader Script.html
Hellraiser: Hellseeker,/Movie Scripts/Hellraiser: Hellseeker Script.html
"Help, The","/Movie Scripts/Help, The Script.html"
Henry Fool,/Movie Scripts/Henry Fool Script.html
Henry's Crime,/Movie Scripts/Henry's Crime Script.html
Her,/Movie Scripts/Her Script.html
Hesher,/Movie Scripts/Hesher Script.html
High Fidelity,/Movie Scripts/High Fidelity Script.html
Highlander,/Movie Scripts/Highlander Script.html
Highlander: Endgame,/Movie Scripts/Highlander: Endgame Script.html
"Hills Have Eyes, The","/Movie Scripts/Hills Have Eyes, The Script.html"
His Girl Friday,/Movie Scripts/His Girl Friday Script.html
Hitchcock,/Movie Scripts/Hitchcock Script.html
"Hitchhiker's Guide to the Galaxy, The","/Movie Scripts/Hitchhiker's Guide to the Galaxy, The Script.html"
Hollow Man,/Movie Scripts/Hollow Man Script.html
Honeydripper,/Movie Scripts/Honeydripper Script.html
Horrible Bosses,/Movie Scripts/Horrible Bosses Script.html
"Horse Whisperer, The","/Movie Scripts/Horse Whisperer, The Script.html"
"Hospital, The","/Movie Scripts/Hospital, The Script.html"
Hostage,/Movie Scripts/Hostage Script.html
Hot Tub Time Machine,/Movie Scripts/Hot Tub Time Machine Script.html
Hotel Rwanda,/Movie Scripts/Hotel Rwanda Script.html
House of 1000 Corpses,/Movie Scripts/House of 1000 Corpses Script.html
How to Lose Friends & Alienate People,/Movie Scripts/How to Lose Friends & Alienate People Script.html
How to Train Your Dragon,/Movie Scripts/How to Train Your Dragon Script.html
How to Train Your Dragon 2,/Movie Scripts/How to Train Your Dragon 2 Script.html
Hudson Hawk,/Movie Scripts/Hudson Hawk Script.html
"Hudsucker Proxy, The","/Movie Scripts/Hudsucker Proxy, The Script.html"
Human Nature,/Movie Scripts/Human Nature Script.html
"Hunt for Red October, The","/Movie Scripts/Hunt for Red October, The Script.html"
"Hurt Locker, The","/Movie Scripts/Hurt Locker, The Script.html"
I Am Number Four,/Movie Scripts/I Am Number Four Script.html
I am Sam,/Movie Scripts/I am Sam Script.html
I Love You Phillip Morris,/Movie Scripts/I Love You Phillip Morris Script.html
I Spit on Your Grave,/Movie Scripts/I Spit on Your Grave Script.html
I Still Know What You Did Last Summer,/Movie Scripts/I Still Know What You Did Last Summer Script.html
I'll Do Anything,/Movie Scripts/I'll Do Anything Script.html
"I, Robot","/Movie Scripts/I, Robot Script.html"
"Ice Storm, The","/Movie Scripts/Ice Storm, The Script.html"
"Ides of March, The","/Movie Scripts/Ides of March, The Script.html"
"Imaginarium of Doctor Parnassus, The","/Movie Scripts/Imaginarium of Doctor Parnassus, The Script.html"
In the Bedroom,/Movie Scripts/In the Bedroom Script.html
In the Loop,/Movie Scripts/In the Loop Script.html
Inception,/Movie Scripts/Inception Script.html
"Incredibles, The","/Movie Scripts/Incredibles, The Script.html"
Independence Day,/Movie Scripts/Independence Day Script.html
Indiana Jones and the Last Crusade,/Movie Scripts/Indiana Jones and the Last Crusade Script.html
Indiana Jones and the Raiders of the Lost Ark,/Movie Scripts/Indiana Jones and the Raiders of the Lost Ark Script.html
Indiana Jones and the Temple of Doom,/Movie Scripts/Indiana Jones and the Temple of Doom Script.html
Indiana Jones IV,/Movie Scripts/Indiana Jones IV Script.html
"Informant, The","/Movie Scripts/Informant, The Script.html"
Inglourious Basterds,/Movie Scripts/Inglourious Basterds Script.html
Innerspace,/Movie Scripts/Innerspace Script.html
"Insider, The","/Movie Scripts/Insider, The Script.html"
Insidious,/Movie Scripts/Insidious Script.html
Insomnia,/Movie Scripts/Insomnia Script.html
Interstellar,/Movie Scripts/Interstellar Script.html
Interview with the Vampire,/Movie Scripts/Interview with the Vampire Script.html
Into the Wild,/Movie Scripts/Into the Wild Script.html
Into the Woods,/Movie Scripts/Into the Woods Script.html
Intolerable Cruelty,/Movie Scripts/Intolerable Cruelty Script.html
Inventing the Abbotts,/Movie Scripts/Inventing the Abbotts Script.html
"Invention of Lying, The","/Movie Scripts/Invention of Lying, The Script.html"
Invictus,/Movie Scripts/Invictus Script.html
"Iron Lady, The","/Movie Scripts/Iron Lady, The Script.html"
"Island, The","/Movie Scripts/Island, The Script.html"
It,/Movie Scripts/It Script.html
It Happened One Night,/Movie Scripts/It Happened One Night Script.html
It Happened One Night,/Movie Scripts/It Happened One Night Script.html
It's a Wonderful Life,/Movie Scripts/It's a Wonderful Life Script.html
It's Complicated,/Movie Scripts/It's Complicated Script.html
"Italian Job, The","/Movie Scripts/Italian Job, The Script.html"
"Jacket, The","/Movie Scripts/Jacket, The Script.html"
Jackie Brown,/Movie Scripts/Jackie Brown Script.html
Jacob's Ladder,/Movie Scripts/Jacob's Ladder Script.html
Jade,/Movie Scripts/Jade Script.html
Jane Eyre,/Movie Scripts/Jane Eyre Script.html
Jason X,/Movie Scripts/Jason X Script.html
Jaws,/Movie Scripts/Jaws Script.html
Jaws 2,/Movie Scripts/Jaws 2 Script.html
Jay and Silent Bob Strike Back,/Movie Scripts/Jay and Silent Bob Strike Back Script.html
Jennifer Eight,/Movie Scripts/Jennifer Eight Script.html
Jennifer's Body,/Movie Scripts/Jennifer's Body Script.html
Jerry Maguire,/Movie Scripts/Jerry Maguire Script.html
Jeux Interdits,/Movie Scripts/Jeux Interdits Script.html
JFK,/Movie Scripts/JFK Script.html
Jimmy and Judy,/Movie Scripts/Jimmy and Judy Script.html
John Q,/Movie Scripts/John Q Script.html
John Wick,/Movie Scripts/John Wick Script.html
Judge Dredd,/Movie Scripts/Judge Dredd Script.html
Juno,/Movie Scripts/Juno Script.html
Jurassic Park,/Movie Scripts/Jurassic Park Script.html
Jurassic Park III,/Movie Scripts/Jurassic Park III Script.html
Jurassic Park: The Lost World,/Movie Scripts/Jurassic Park: The Lost World Script.html
Kafka,/Movie Scripts/Kafka Script.html
Kalifornia,/Movie Scripts/Kalifornia Script.html
Kate & Leopold,/Movie Scripts/Kate & Leopold Script.html
Kids,/Movie Scripts/Kids Script.html
"Kids Are All Right, The","/Movie Scripts/Kids Are All Right, The Script.html"
Kill Bill Volume 1 & 2,/Movie Scripts/Kill Bill Volume 1 & 2 Script.html
Kill Your Darlings,/Movie Scripts/Kill Your Darlings Script.html
Killing Zoe,/Movie Scripts/Killing Zoe Script.html
King Kong,/Movie Scripts/King Kong Script.html
"King of Comedy, The","/Movie Scripts/King of Comedy, The Script.html"
"King's Speech, The","/Movie Scripts/King's Speech, The Script.html"
"Kingdom, The","/Movie Scripts/Kingdom, The Script.html"
Kiss of the Spider Woman,/Movie Scripts/Kiss of the Spider Woman Script.html
Klute,/Movie Scripts/Klute Script.html
Knocked Up,/Movie Scripts/Knocked Up Script.html
Kramer vs Kramer,/Movie Scripts/Kramer vs Kramer Script.html
Kundun,/Movie Scripts/Kundun Script.html
Kung Fu Panda,/Movie Scripts/Kung Fu Panda Script.html
L.A. Confidential,/Movie Scripts/L.A. Confidential Script.html
La La Land,/Movie Scripts/La La Land Script.html
Labor of Love,/Movie Scripts/Labor of Love Script.html
Labyrinth,/Movie Scripts/Labyrinth Script.html
"Ladykillers, The","/Movie Scripts/Ladykillers, The Script.html"
Lake Placid,/Movie Scripts/Lake Placid Script.html
Land of the Dead,/Movie Scripts/Land of the Dead Script.html
Larry Crowne,/Movie Scripts/Larry Crowne Script.html
"Last Boy Scout, The","/Movie Scripts/Last Boy Scout, The Script.html"
Last Chance Harvey,/Movie Scripts/Last Chance Harvey Script.html
"Last Flight, The","/Movie Scripts/Last Flight, The Script.html"
"Last of the Mohicans, The","/Movie Scripts/Last of the Mohicans, The Script.html"
"Last Samurai, The","/Movie Scripts/Last Samurai, The Script.html"
"Last Station, The","/Movie Scripts/Last Station, The Script.html"
Last Tango in Paris,/Movie Scripts/Last Tango in Paris Script.html
Law Abiding Citizen,/Movie Scripts/Law Abiding Citizen Script.html
Le Diable par la Queue,/Movie Scripts/Le Diable par la Queue Script.html
Leaving Las Vegas,/Movie Scripts/Leaving Las Vegas Script.html
Legally Blonde,/Movie Scripts/Legally Blonde Script.html
Legend,/Movie Scripts/Legend Script.html
Legion,/Movie Scripts/Legion Script.html
Les Miserables,/Movie Scripts/Les Miserables Script.html
Les Tontons Flingueurs,/Movie Scripts/Les Tontons Flingueurs Script.html
Lethal Weapon,/Movie Scripts/Lethal Weapon Script.html
Lethal Weapon 4,/Movie Scripts/Lethal Weapon 4 Script.html
Leviathan,/Movie Scripts/Leviathan Script.html
Liar Liar,/Movie Scripts/Liar Liar Script.html
Life,/Movie Scripts/Life Script.html
Life As A House,/Movie Scripts/Life As A House Script.html
"Life of David Gale, The","/Movie Scripts/Life of David Gale, The Script.html"
Life of Pi,/Movie Scripts/Life of Pi Script.html
Light Sleeper,/Movie Scripts/Light Sleeper Script.html
"Limey, The","/Movie Scripts/Limey, The Script.html"
Limitless,/Movie Scripts/Limitless Script.html
Lincoln,/Movie Scripts/Lincoln Script.html
"Lincoln Lawyer, The","/Movie Scripts/Lincoln Lawyer, The Script.html"
"Lion King, The","/Movie Scripts/Lion King, The Script.html"
Little Athens,/Movie Scripts/Little Athens Script.html
"Little Mermaid, The","/Movie Scripts/Little Mermaid, The Script.html"
Little Nicky,/Movie Scripts/Little Nicky Script.html
Living in Oblivion,/Movie Scripts/Living in Oblivion Script.html
"Lock, Stock and Two Smoking Barrels","/Movie Scripts/Lock, Stock and Two Smoking Barrels Script.html"
Logan,/Movie Scripts/Logan Script.html
Logan's Run,/Movie Scripts/Logan's Run Script.html
Lone Star,/Movie Scripts/Lone Star Script.html
"Long Kiss Goodnight, The","/Movie Scripts/Long Kiss Goodnight, The Script.html"
Looper,/Movie Scripts/Looper Script.html
Lord of Illusions,/Movie Scripts/Lord of Illusions Script.html
"Lord of the Rings: Fellowship of the Ring, The","/Movie Scripts/Lord of the Rings: Fellowship of the Ring, The Script.html"
Lord of the Rings: Return of the King,/Movie Scripts/Lord of the Rings: Return of the King Script.html
Lord of the Rings: The Two Towers,/Movie Scripts/Lord of the Rings: The Two Towers Script.html
Lord of War,/Movie Scripts/Lord of War Script.html
"Losers, The","/Movie Scripts/Losers, The Script.html"
Lost Highway,/Movie Scripts/Lost Highway Script.html
Lost Horizon,/Movie Scripts/Lost Horizon Script.html
Lost in Space,/Movie Scripts/Lost in Space Script.html
Lost in Translation,/Movie Scripts/Lost in Translation Script.html
Love and Basketball,/Movie Scripts/Love and Basketball Script.html
Machete,/Movie Scripts/Machete Script.html
Machine Gun Preacher,/Movie Scripts/Machine Gun Preacher Script.html
Mad Max 2: The Road Warrior,/Movie Scripts/Mad Max 2: The Road Warrior Script.html
Made,/Movie Scripts/Made Script.html
Magnolia,/Movie Scripts/Magnolia Script.html
"Majestic, The (The Bijou)","/Movie Scripts/Majestic, The (The Bijou) Script.html"
Major League,/Movie Scripts/Major League Script.html
Malcolm X,/Movie Scripts/Malcolm X Script.html
Malibu's Most Wanted,/Movie Scripts/Malibu's Most Wanted Script.html
Man in the Iron Mask,/Movie Scripts/Man in the Iron Mask Script.html
Man On Fire,/Movie Scripts/Man On Fire Script.html
Man on the Moon,/Movie Scripts/Man on the Moon Script.html
Man Trouble,/Movie Scripts/Man Trouble Script.html
"Man Who Knew Too Much, The","/Movie Scripts/Man Who Knew Too Much, The Script.html"
"Man Who Wasn't There, The","/Movie Scripts/Man Who Wasn't There, The Script.html"
"Manchurian Candidate, The","/Movie Scripts/Manchurian Candidate, The Script.html"
Manhattan Murder Mystery,/Movie Scripts/Manhattan Murder Mystery Script.html
Manhunter,/Movie Scripts/Manhunter Script.html
Margaret,/Movie Scripts/Margaret Script.html
Margin Call,/Movie Scripts/Margin Call Script.html
Margot at the Wedding,/Movie Scripts/Margot at the Wedding Script.html
"Mariachi, El","/Movie Scripts/Mariachi, El Script.html"
Marley & Me,/Movie Scripts/Marley & Me Script.html
Martha Marcy May Marlene,/Movie Scripts/Martha Marcy May Marlene Script.html
"Martian, The","/Movie Scripts/Martian, The Script.html"
Marty,/Movie Scripts/Marty Script.html
Mary Poppins,/Movie Scripts/Mary Poppins Script.html
"Mask, The","/Movie Scripts/Mask, The Script.html"
Master and Commander,/Movie Scripts/Master and Commander Script.html
"Master, The","/Movie Scripts/Master, The Script.html"
Matchstick Men,/Movie Scripts/Matchstick Men Script.html
"Matrix Reloaded, The","/Movie Scripts/Matrix Reloaded, The Script.html"
"Matrix, The","/Movie Scripts/Matrix, The Script.html"
Max Payne,/Movie Scripts/Max Payne Script.html
Mean Streets,/Movie Scripts/Mean Streets Script.html
"Mechanic, The","/Movie Scripts/Mechanic, The Script.html"
Meet Joe Black,/Movie Scripts/Meet Joe Black Script.html
Meet John Doe,/Movie Scripts/Meet John Doe Script.html
Megamind,/Movie Scripts/Megamind Script.html
Memento,/Movie Scripts/Memento Script.html
Men in Black,/Movie Scripts/Men in Black Script.html
Men in Black 3,/Movie Scripts/Men in Black 3 Script.html
"Men Who Stare at Goats, The","/Movie Scripts/Men Who Stare at Goats, The Script.html"
Metro,/Movie Scripts/Metro Script.html
Miami Vice,/Movie Scripts/Miami Vice Script.html
Midnight Cowboy,/Movie Scripts/Midnight Cowboy Script.html
Midnight Express,/Movie Scripts/Midnight Express Script.html
Midnight in Paris,/Movie Scripts/Midnight in Paris Script.html
Mighty Joe Young,/Movie Scripts/Mighty Joe Young Script.html
Mighty Morphin Power Rangers: The Movie,/Movie Scripts/Mighty Morphin Power Rangers: The Movie Script.html
Milk,/Movie Scripts/Milk Script.html
Miller's Crossing,/Movie Scripts/Miller's Crossing Script.html
Mimic,/Movie Scripts/Mimic Script.html
Mini's First Time,/Movie Scripts/Mini's First Time Script.html
Minority Report,/Movie Scripts/Minority Report Script.html
"Miracle Worker, The","/Movie Scripts/Miracle Worker, The Script.html"
Mirrors,/Movie Scripts/Mirrors Script.html
Misery,/Movie Scripts/Misery Script.html
Mission Impossible,/Movie Scripts/Mission Impossible Script.html
Mission Impossible II,/Movie Scripts/Mission Impossible II Script.html
Mission to Mars,/Movie Scripts/Mission to Mars Script.html
Moneyball,/Movie Scripts/Moneyball Script.html
Monkeybone,/Movie Scripts/Monkeybone Script.html
Monster's Ball,/Movie Scripts/Monster's Ball Script.html
Monte Carlo,/Movie Scripts/Monte Carlo Script.html
Moon,/Movie Scripts/Moon Script.html
Moonrise Kingdom,/Movie Scripts/Moonrise Kingdom Script.html
Moonstruck,/Movie Scripts/Moonstruck Script.html
Mr Blandings Builds His Dream House,/Movie Scripts/Mr Blandings Builds His Dream House Script.html
Mr Brooks,/Movie Scripts/Mr Brooks Script.html
Mr Deeds Goes to Town,/Movie Scripts/Mr Deeds Goes to Town Script.html
Mr. Holland's Opus,/Movie Scripts/Mr. Holland's Opus Script.html
Mrs. Brown,/Movie Scripts/Mrs. Brown Script.html
Mud,/Movie Scripts/Mud Script.html
Mulan,/Movie Scripts/Mulan Script.html
Mulholland Drive,/Movie Scripts/Mulholland Drive Script.html
Mumford,/Movie Scripts/Mumford Script.html
"Mummy, The","/Movie Scripts/Mummy, The Script.html"
Music of the Heart,/Movie Scripts/Music of the Heart Script.html
Mute Witness,/Movie Scripts/Mute Witness Script.html
My Best Friend's Wedding,/Movie Scripts/My Best Friend's Wedding Script.html
My Girl,/Movie Scripts/My Girl Script.html
My Mother Dreams the Satan's Disciples in New York,/Movie Scripts/My Mother Dreams the Satan's Disciples in New York Script.html
My Week with Marilyn,/Movie Scripts/My Week with Marilyn Script.html
Mystery Men,/Movie Scripts/Mystery Men Script.html
Napoleon Dynamite,/Movie Scripts/Napoleon Dynamite Script.html
Nashville,/Movie Scripts/Nashville Script.html
Natural Born Killers,/Movie Scripts/Natural Born Killers Script.html
Never Been Kissed,/Movie Scripts/Never Been Kissed Script.html
"Neverending Story, The","/Movie Scripts/Neverending Story, The Script.html"
New York Minute,/Movie Scripts/New York Minute Script.html
Newsies,/Movie Scripts/Newsies Script.html
Next,/Movie Scripts/Next Script.html
Next Friday,/Movie Scripts/Next Friday Script.html
"Next Three Days, The","/Movie Scripts/Next Three Days, The Script.html"
Ni vu ni connu,/Movie Scripts/Ni vu ni connu Script.html
Nick of Time,/Movie Scripts/Nick of Time Script.html
Night Time (The Poltergeist Treatment),/Movie Scripts/Night Time (The Poltergeist Treatment) Script.html
Nightbreed,/Movie Scripts/Nightbreed Script.html
"Nightmare Before Christmas, The","/Movie Scripts/Nightmare Before Christmas, The Script.html"
"Nightmare Before Christmas, The","/Movie Scripts/Nightmare Before Christmas, The Script.html"
"Nightmare on Elm Street, A","/Movie Scripts/Nightmare on Elm Street, A Script.html"
Nightmare on Elm Street: The Final Chapter,/Movie Scripts/Nightmare on Elm Street: The Final Chapter Script.html
Nine,/Movie Scripts/Nine Script.html
"Nines, The","/Movie Scripts/Nines, The Script.html"
Ninja Assassin,/Movie Scripts/Ninja Assassin Script.html
Ninotchka,/Movie Scripts/Ninotchka Script.html
"Ninth Gate, The","/Movie Scripts/Ninth Gate, The Script.html"
No Country for Old Men,/Movie Scripts/No Country for Old Men Script.html
No Strings Attached,/Movie Scripts/No Strings Attached Script.html
Notting Hill,/Movie Scripts/Notting Hill Script.html
Nurse Betty,/Movie Scripts/Nurse Betty Script.html
O Brother Where Art Thou?,/Movie Scripts/O Brother Where Art Thou? Script.html
Oblivion,/Movie Scripts/Oblivion Script.html
Observe and Report,/Movie Scripts/Observe and Report Script.html
Obsessed,/Movie Scripts/Obsessed Script.html
Ocean's Eleven,/Movie Scripts/Ocean's Eleven Script.html
Ocean's Twelve,/Movie Scripts/Ocean's Twelve Script.html
Office Space,/Movie Scripts/Office Space Script.html
"Officer and a Gentleman, An","/Movie Scripts/Officer and a Gentleman, An Script.html"
Omega Man,/Movie Scripts/Omega Man Script.html
One Flew Over the Cuckoo's Nest,/Movie Scripts/One Flew Over the Cuckoo's Nest Script.html
Only God Forgives,/Movie Scripts/Only God Forgives Script.html
Ordinary People,/Movie Scripts/Ordinary People Script.html
Orgy of the Dead,/Movie Scripts/Orgy of the Dead Script.html
Orphan,/Movie Scripts/Orphan Script.html
"Other Boleyn Girl, The","/Movie Scripts/Other Boleyn Girl, The Script.html"
Out of Sight,/Movie Scripts/Out of Sight Script.html
Outbreak,/Movie Scripts/Outbreak Script.html
"Pacifier, The","/Movie Scripts/Pacifier, The Script.html"
Pandorum,/Movie Scripts/Pandorum Script.html
Panic Room,/Movie Scripts/Panic Room Script.html
Papadopoulos & Sons,/Movie Scripts/Papadopoulos & Sons Script.html
ParaNorman,/Movie Scripts/ParaNorman Script.html
Pariah,/Movie Scripts/Pariah Script.html
"Passion of Joan of Arc, The","/Movie Scripts/Passion of Joan of Arc, The Script.html"
"Patriot, The","/Movie Scripts/Patriot, The Script.html"
Paul,/Movie Scripts/Paul Script.html
Pearl Harbor,/Movie Scripts/Pearl Harbor Script.html
Peeping Tom,/Movie Scripts/Peeping Tom Script.html
Peggy Sue Got Married,/Movie Scripts/Peggy Sue Got Married Script.html
Perfect Creature,/Movie Scripts/Perfect Creature Script.html
"Perfect World, A","/Movie Scripts/Perfect World, A Script.html"
"Perks of Being a Wallflower, The","/Movie Scripts/Perks of Being a Wallflower, The Script.html"
Pet Sematary,/Movie Scripts/Pet Sematary Script.html
Pet Sematary II,/Movie Scripts/Pet Sematary II Script.html
Petulia,/Movie Scripts/Petulia Script.html
Philadelphia,/Movie Scripts/Philadelphia Script.html
Phone Booth,/Movie Scripts/Phone Booth Script.html
Pi,/Movie Scripts/Pi Script.html
"Pianist, The","/Movie Scripts/Pianist, The Script.html"
"Piano, The","/Movie Scripts/Piano, The Script.html"
Pineapple Express,/Movie Scripts/Pineapple Express Script.html
Pirates of the Caribbean,/Movie Scripts/Pirates of the Caribbean Script.html
Pirates of the Caribbean: Dead Man's Chest,/Movie Scripts/Pirates of the Caribbean: Dead Man's Chest Script.html
Pitch Black,/Movie Scripts/Pitch Black Script.html
"Planet of the Apes, The","/Movie Scripts/Planet of the Apes, The Script.html"
Platinum Blonde,/Movie Scripts/Platinum Blonde Script.html
Platoon,/Movie Scripts/Platoon Script.html
Pleasantville,/Movie Scripts/Pleasantville Script.html
Point Break,/Movie Scripts/Point Break Script.html
Pokemon: Mewtwo Returns,/Movie Scripts/Pokemon: Mewtwo Returns Script.html
"Postman, The","/Movie Scripts/Postman, The Script.html"
"Power of One, The","/Movie Scripts/Power of One, The Script.html"
Precious,/Movie Scripts/Precious Script.html
Predator,/Movie Scripts/Predator Script.html
"Prestige, The","/Movie Scripts/Prestige, The Script.html"
Pretty Woman,/Movie Scripts/Pretty Woman Script.html
Pretty Woman (final script),/Movie Scripts/Pretty Woman (final script) Script.html
Pride and Prejudice,/Movie Scripts/Pride and Prejudice Script.html
Priest,/Movie Scripts/Priest Script.html
"Princess Bride, The","/Movie Scripts/Princess Bride, The Script.html"
"Private Life of Sherlock Holmes, The","/Movie Scripts/Private Life of Sherlock Holmes, The Script.html"
"Producer, The","/Movie Scripts/Producer, The Script.html"
"Program, The","/Movie Scripts/Program, The Script.html"
Prom Night,/Movie Scripts/Prom Night Script.html
Prometheus,/Movie Scripts/Prometheus Script.html
"Prophecy, The","/Movie Scripts/Prophecy, The Script.html"
"Proposal, The","/Movie Scripts/Proposal, The Script.html"
Psycho,/Movie Scripts/Psycho Script.html
Public Enemies,/Movie Scripts/Public Enemies Script.html
Pulp Fiction,/Movie Scripts/Pulp Fiction Script.html
Punch-Drunk Love,/Movie Scripts/Punch-Drunk Love Script.html
Purple Rain,/Movie Scripts/Purple Rain Script.html
Quantum Project,/Movie Scripts/Quantum Project Script.html
Queen of the Damned,/Movie Scripts/Queen of the Damned Script.html
"Queen, The","/Movie Scripts/Queen, The Script.html"
Rachel Getting Married,/Movie Scripts/Rachel Getting Married Script.html
Raging Bull,/Movie Scripts/Raging Bull Script.html
Raising Arizona,/Movie Scripts/Raising Arizona Script.html
Rambling Rose,/Movie Scripts/Rambling Rose Script.html
Rambo: First Blood II: The Mission,/Movie Scripts/Rambo: First Blood II: The Mission Script.html
"Reader, The","/Movie Scripts/Reader, The Script.html"
Real Genius,/Movie Scripts/Real Genius Script.html
Rear Window,/Movie Scripts/Rear Window Script.html
Rebel Without A Cause,/Movie Scripts/Rebel Without A Cause Script.html
Red Planet,/Movie Scripts/Red Planet Script.html
Red Riding Hood,/Movie Scripts/Red Riding Hood Script.html
Reindeer Games,/Movie Scripts/Reindeer Games Script.html
"Relic, The","/Movie Scripts/Relic, The Script.html"
Remember Me,/Movie Scripts/Remember Me Script.html
"Replacements, The","/Movie Scripts/Replacements, The Script.html"
Repo Man,/Movie Scripts/Repo Man Script.html
"Rescuers Down Under, The","/Movie Scripts/Rescuers Down Under, The Script.html"
Reservoir Dogs,/Movie Scripts/Reservoir Dogs Script.html
Resident Evil,/Movie Scripts/Resident Evil Script.html
Return of the Apes,/Movie Scripts/Return of the Apes Script.html
"Revenant, The","/Movie Scripts/Revenant, The Script.html"
Revolutionary Road,/Movie Scripts/Revolutionary Road Script.html
Ringu,/Movie Scripts/Ringu Script.html
Rise of the Guardians,/Movie Scripts/Rise of the Guardians Script.html
Rise of the Planet of the Apes,/Movie Scripts/Rise of the Planet of the Apes Script.html
RKO 281,/Movie Scripts/RKO 281 Script.html
"Road, The","/Movie Scripts/Road, The Script.html"
Robin Hood: Prince of Thieves,/Movie Scripts/Robin Hood: Prince of Thieves Script.html
Robocop,/Movie Scripts/Robocop Script.html
"Rock, The","/Movie Scripts/Rock, The Script.html"
RocknRolla,/Movie Scripts/RocknRolla Script.html
Rocky,/Movie Scripts/Rocky Script.html
"Rocky Horror Picture Show, The","/Movie Scripts/Rocky Horror Picture Show, The Script.html"
Romeo & Juliet,/Movie Scripts/Romeo & Juliet Script.html
Ronin,/Movie Scripts/Ronin Script.html
Room,/Movie Scripts/Room Script.html
"Roommate, The","/Movie Scripts/Roommate, The Script.html"
Roughshod,/Movie Scripts/Roughshod Script.html
"Ruins, The","/Movie Scripts/Ruins, The Script.html"
Runaway Bride,/Movie Scripts/Runaway Bride Script.html
Rush,/Movie Scripts/Rush Script.html
Rush Hour,/Movie Scripts/Rush Hour Script.html
Rush Hour 2,/Movie Scripts/Rush Hour 2 Script.html
Rushmore,/Movie Scripts/Rushmore Script.html
Rust and Bone,/Movie Scripts/Rust and Bone Script.html
S. Darko,/Movie Scripts/S. Darko Script.html
"Saint, The","/Movie Scripts/Saint, The Script.html"
"Salton Sea, The","/Movie Scripts/Salton Sea, The Script.html"
"Sandlot Kids, The","/Movie Scripts/Sandlot Kids, The Script.html"
Save the Last Dance,/Movie Scripts/Save the Last Dance Script.html
Saving Mr. Banks,/Movie Scripts/Saving Mr. Banks Script.html
Saving Private Ryan,/Movie Scripts/Saving Private Ryan Script.html
Saw,/Movie Scripts/Saw Script.html
Scarface,/Movie Scripts/Scarface Script.html
Scary Movie 2,/Movie Scripts/Scary Movie 2 Script.html
Schindler's List,/Movie Scripts/Schindler's List Script.html
Scott Pilgrim vs the World,/Movie Scripts/Scott Pilgrim vs the World Script.html
Scream,/Movie Scripts/Scream Script.html
Scream 2,/Movie Scripts/Scream 2 Script.html
Scream 3,/Movie Scripts/Scream 3 Script.html
Se7en,/Movie Scripts/Se7en Script.html
"Searchers, The","/Movie Scripts/Searchers, The Script.html"
"Secret Life of Walter Mitty, The","/Movie Scripts/Secret Life of Walter Mitty, The Script.html"
Semi-Pro,/Movie Scripts/Semi-Pro Script.html
Sense and Sensibility,/Movie Scripts/Sense and Sensibility Script.html
Serenity,/Movie Scripts/Serenity Script.html
Serial Mom,/Movie Scripts/Serial Mom Script.html
"Sessions, The","/Movie Scripts/Sessions, The Script.html"
"Seventh Seal, The","/Movie Scripts/Seventh Seal, The Script.html"
Sex and the City,/Movie Scripts/Sex and the City Script.html
"Sex, Lies and Videotape","/Movie Scripts/Sex, Lies and Videotape Script.html"
Sexual Life,/Movie Scripts/Sexual Life Script.html
Shadow of the Vampire,/Movie Scripts/Shadow of the Vampire Script.html
Shakespeare in Love,/Movie Scripts/Shakespeare in Love Script.html
Shallow Grave,/Movie Scripts/Shallow Grave Script.html
Shame,/Movie Scripts/Shame Script.html
Shampoo,/Movie Scripts/Shampoo Script.html
"Shawshank Redemption, The","/Movie Scripts/Shawshank Redemption, The Script.html"
She's Out of My League,/Movie Scripts/She's Out of My League Script.html
Sherlock Holmes,/Movie Scripts/Sherlock Holmes Script.html
Shifty,/Movie Scripts/Shifty Script.html
"Shining, The","/Movie Scripts/Shining, The Script.html"
"Shipping News, The","/Movie Scripts/Shipping News, The Script.html"
Shivers,/Movie Scripts/Shivers Script.html
Shrek,/Movie Scripts/Shrek Script.html
Shrek the Third,/Movie Scripts/Shrek the Third Script.html
Sicario,/Movie Scripts/Sicario Script.html
Sideways,/Movie Scripts/Sideways Script.html
"Siege, The","/Movie Scripts/Siege, The Script.html"
Signs,/Movie Scripts/Signs Script.html
Silence of the Lambs,/Movie Scripts/Silence of the Lambs Script.html
Silver Bullet,/Movie Scripts/Silver Bullet Script.html
Silver Linings Playbook,/Movie Scripts/Silver Linings Playbook Script.html
Simone,/Movie Scripts/Simone Script.html
Single White Female,/Movie Scripts/Single White Female Script.html
Sister Act,/Movie Scripts/Sister Act Script.html
Six Degrees of Separation,/Movie Scripts/Six Degrees of Separation Script.html
"Sixth Sense, The","/Movie Scripts/Sixth Sense, The Script.html"
Sleepless in Seattle,/Movie Scripts/Sleepless in Seattle Script.html
Sleepy Hollow,/Movie Scripts/Sleepy Hollow Script.html
Sling Blade,/Movie Scripts/Sling Blade Script.html
Slither,/Movie Scripts/Slither Script.html
Slumdog Millionaire,/Movie Scripts/Slumdog Millionaire Script.html
Smashed,/Movie Scripts/Smashed Script.html
Smokin' Aces,/Movie Scripts/Smokin' Aces Script.html
Snatch,/Movie Scripts/Snatch Script.html
Sneakers,/Movie Scripts/Sneakers Script.html
Snow Falling On Cedars,/Movie Scripts/Snow Falling On Cedars Script.html
Snow White and the Huntsman,/Movie Scripts/Snow White and the Huntsman Script.html
So I Married an Axe Murderer,/Movie Scripts/So I Married an Axe Murderer Script.html
"Social Network, The","/Movie Scripts/Social Network, The Script.html"
Solaris,/Movie Scripts/Solaris Script.html
Soldier,/Movie Scripts/Soldier Script.html
Someone To Watch Over Me,/Movie Scripts/Someone To Watch Over Me Script.html
Something's Gotta Give,/Movie Scripts/Something's Gotta Give Script.html
Source Code,/Movie Scripts/Source Code Script.html
South Park,/Movie Scripts/South Park Script.html
Space Milkshake,/Movie Scripts/Space Milkshake Script.html
Spanglish,/Movie Scripts/Spanglish Script.html
Spare Me,/Movie Scripts/Spare Me Script.html
Spartan,/Movie Scripts/Spartan Script.html
Speed,/Movie Scripts/Speed Script.html
Speed Racer,/Movie Scripts/Speed Racer Script.html
Sphere,/Movie Scripts/Sphere Script.html
Spider-Man,/Movie Scripts/Spider-Man Script.html
St. Elmo's Fire,/Movie Scripts/St. Elmo's Fire Script.html
Star Trek,/Movie Scripts/Star Trek Script.html
Star Trek II: The Wrath of Khan,/Movie Scripts/Star Trek II: The Wrath of Khan Script.html
Star Trek: First Contact,/Movie Scripts/Star Trek: First Contact Script.html
Star Trek: Generations,/Movie Scripts/Star Trek: Generations Script.html
Star Trek: Nemesis,/Movie Scripts/Star Trek: Nemesis Script.html
Star Trek: The Motion Picture,/Movie Scripts/Star Trek: The Motion Picture Script.html
Star Wars: A New Hope,/Movie Scripts/Star Wars: A New Hope Script.html
Star Wars: Attack of the Clones,/Movie Scripts/Star Wars: Attack of the Clones Script.html
Star Wars: Return of the Jedi,/Movie Scripts/Star Wars: Return of the Jedi Script.html
Star Wars: Revenge of the Sith,/Movie Scripts/Star Wars: Revenge of the Sith Script.html
Star Wars: The Empire Strikes Back,/Movie Scripts/Star Wars: The Empire Strikes Back Script.html
Star Wars: The Force Awakens,/Movie Scripts/Star Wars: The Force Awakens Script.html
Star Wars: The Phantom Menace,/Movie Scripts/Star Wars: The Phantom Menace Script.html
Starman,/Movie Scripts/Starman Script.html
Starship Troopers,/Movie Scripts/Starship Troopers Script.html
State and Main,/Movie Scripts/State and Main Script.html
Station West,/Movie Scripts/Station West Script.html
Stepmom,/Movie Scripts/Stepmom Script.html
"Sting, The","/Movie Scripts/Sting, The Script.html"
Stir of Echoes,/Movie Scripts/Stir of Echoes Script.html
Storytelling,/Movie Scripts/Storytelling Script.html
Straight Outta Compton,/Movie Scripts/Straight Outta Compton Script.html
Strange Days,/Movie Scripts/Strange Days Script.html
Strangers on a Train,/Movie Scripts/Strangers on a Train Script.html
"Stuntman, The","/Movie Scripts/Stuntman, The Script.html"
Sugar,/Movie Scripts/Sugar Script.html
Sugar and Spice,/Movie Scripts/Sugar and Spice Script.html
Sunset Blvd.,/Movie Scripts/Sunset Blvd. Script.html
Sunshine Cleaning,/Movie Scripts/Sunshine Cleaning Script.html
Super 8,/Movie Scripts/Super 8 Script.html
Superbad,/Movie Scripts/Superbad Script.html
Superfights,/Movie Scripts/Superfights Script.html
Supergirl,/Movie Scripts/Supergirl Script.html
"Surfer King, The","/Movie Scripts/Surfer King, The Script.html"
Surrogates,/Movie Scripts/Surrogates Script.html
Suspect Zero,/Movie Scripts/Suspect Zero Script.html
Sweeney Todd: The Demon Barber of Fleet Street,/Movie Scripts/Sweeney Todd: The Demon Barber of Fleet Street Script.html
"Sweet Hereafter, The","/Movie Scripts/Sweet Hereafter, The Script.html"
Sweet Smell of Success,/Movie Scripts/Sweet Smell of Success Script.html
Swingers,/Movie Scripts/Swingers Script.html
Swordfish,/Movie Scripts/Swordfish Script.html
"Synecdoche, New York","/Movie Scripts/Synecdoche, New York Script.html"
Syriana,/Movie Scripts/Syriana Script.html
Take Shelter,/Movie Scripts/Take Shelter Script.html
Taking Lives,/Movie Scripts/Taking Lives Script.html
"Taking of Pelham One Two Three, The","/Movie Scripts/Taking of Pelham One Two Three, The Script.html"
Taking Sides,/Movie Scripts/Taking Sides Script.html
"Talented Mr. Ripley, The","/Movie Scripts/Talented Mr. Ripley, The Script.html"
Tall in the Saddle,/Movie Scripts/Tall in the Saddle Script.html
Tamara Drewe,/Movie Scripts/Tamara Drewe Script.html
Taxi Driver,/Movie Scripts/Taxi Driver Script.html
Ted,/Movie Scripts/Ted Script.html
Terminator,/Movie Scripts/Terminator Script.html
Terminator 2: Judgement Day,/Movie Scripts/Terminator 2: Judgement Day Script.html
Terminator Salvation,/Movie Scripts/Terminator Salvation Script.html
The Rage: Carrie 2,/Movie Scripts/The Rage: Carrie 2 Script.html
Thelma & Louise,/Movie Scripts/Thelma & Louise Script.html
"Theory of Everything, The","/Movie Scripts/Theory of Everything, The Script.html"
There's Something About Mary,/Movie Scripts/There's Something About Mary Script.html
They,/Movie Scripts/They Script.html
"Thing, The","/Movie Scripts/Thing, The Script.html"
"Things My Father Never Taught Me, The","/Movie Scripts/Things My Father Never Taught Me, The Script.html"
Thirteen Days,/Movie Scripts/Thirteen Days Script.html
This Boy's Life,/Movie Scripts/This Boy's Life Script.html
This is 40,/Movie Scripts/This is 40 Script.html
Thor,/Movie Scripts/Thor Script.html
Thor Ragnarok,/Movie Scripts/Thor Ragnarok Script.html
Three Kings,/Movie Scripts/Three Kings Script.html
Three Kings (Spoils of War),/Movie Scripts/Three Kings (Spoils of War) Script.html
Three Men and a Baby,/Movie Scripts/Three Men and a Baby Script.html
"Three Musketeers, The","/Movie Scripts/Three Musketeers, The Script.html"
Thunderbirds,/Movie Scripts/Thunderbirds Script.html
Thunderheart,/Movie Scripts/Thunderheart Script.html
Ticker,/Movie Scripts/Ticker Script.html
Timber Falls,/Movie Scripts/Timber Falls Script.html
"Time Machine, The","/Movie Scripts/Time Machine, The Script.html"
Tin Cup,/Movie Scripts/Tin Cup Script.html
Tin Men,/Movie Scripts/Tin Men Script.html
Tinker Tailor Soldier Spy,/Movie Scripts/Tinker Tailor Soldier Spy Script.html
Titanic,/Movie Scripts/Titanic Script.html
TMNT,/Movie Scripts/TMNT Script.html
To Sleep with Anger,/Movie Scripts/To Sleep with Anger Script.html
Tombstone,/Movie Scripts/Tombstone Script.html
Tomorrow Never Dies,/Movie Scripts/Tomorrow Never Dies Script.html
Top Gun,/Movie Scripts/Top Gun Script.html
Total Recall,/Movie Scripts/Total Recall Script.html
"Tourist, The","/Movie Scripts/Tourist, The Script.html"
Toy Story,/Movie Scripts/Toy Story Script.html
Traffic,/Movie Scripts/Traffic Script.html
Training Day,/Movie Scripts/Training Day Script.html
Trainspotting,/Movie Scripts/Trainspotting Script.html
Transformers: The Movie,/Movie Scripts/Transformers: The Movie Script.html
Tremors,/Movie Scripts/Tremors Script.html
Tristan and Isolde,/Movie Scripts/Tristan and Isolde Script.html
TRON,/Movie Scripts/TRON Script.html
TRON: Legacy,/Movie Scripts/TRON: Legacy Script.html
Tropic Thunder,/Movie Scripts/Tropic Thunder Script.html
Troy,/Movie Scripts/Troy Script.html
True Grit,/Movie Scripts/True Grit Script.html
True Lies,/Movie Scripts/True Lies Script.html
True Romance,/Movie Scripts/True Romance Script.html
"Truman Show, The","/Movie Scripts/Truman Show, The Script.html"
Twilight,/Movie Scripts/Twilight Script.html
Twilight: New Moon,/Movie Scripts/Twilight: New Moon Script.html
Twin Peaks,/Movie Scripts/Twin Peaks Script.html
Twins,/Movie Scripts/Twins Script.html
Two For The Money,/Movie Scripts/Two For The Money Script.html
U Turn,/Movie Scripts/U Turn Script.html
"Ugly Truth, The","/Movie Scripts/Ugly Truth, The Script.html"
Un Singe en Hiver,/Movie Scripts/Un Singe en Hiver Script.html
Unbreakable,/Movie Scripts/Unbreakable Script.html
Under Fire,/Movie Scripts/Under Fire Script.html
Unforgiven,/Movie Scripts/Unforgiven Script.html
Unknown,/Movie Scripts/Unknown Script.html
Up,/Movie Scripts/Up Script.html
Up in the Air,/Movie Scripts/Up in the Air Script.html
"Usual Suspects, The","/Movie Scripts/Usual Suspects, The Script.html"
V for Vendetta,/Movie Scripts/V for Vendetta Script.html
Valentine's Day,/Movie Scripts/Valentine's Day Script.html
Valkyrie,/Movie Scripts/Valkyrie Script.html
Vanilla Sky,/Movie Scripts/Vanilla Sky Script.html
"Verdict, The","/Movie Scripts/Verdict, The Script.html"
Vertigo,/Movie Scripts/Vertigo Script.html
Very Bad Things,/Movie Scripts/Very Bad Things Script.html
"Village, The","/Movie Scripts/Village, The Script.html"
Virtuosity,/Movie Scripts/Virtuosity Script.html
"Visitor, The","/Movie Scripts/Visitor, The Script.html"
Wag the Dog,/Movie Scripts/Wag the Dog Script.html
"Walk to Remember, A","/Movie Scripts/Walk to Remember, A Script.html"
Walking Tall,/Movie Scripts/Walking Tall Script.html
Wall Street,/Movie Scripts/Wall Street Script.html
Wall Street: Money Never Sleeps,/Movie Scripts/Wall Street: Money Never Sleeps Script.html
Wall-E,/Movie Scripts/Wall-E Script.html
Wanted,/Movie Scripts/Wanted Script.html
War for the Planet of the Apes,/Movie Scripts/War for the Planet of the Apes Script.html
War Horse,/Movie Scripts/War Horse Script.html
War of the Worlds,/Movie Scripts/War of the Worlds Script.html
Warm Springs,/Movie Scripts/Warm Springs Script.html
Warrior,/Movie Scripts/Warrior Script.html
Watchmen,/Movie Scripts/Watchmen Script.html
Water for Elephants,/Movie Scripts/Water for Elephants Script.html
"Way Back, The","/Movie Scripts/Way Back, The Script.html"
We Own the Night,/Movie Scripts/We Own the Night Script.html
What About Bob?,/Movie Scripts/What About Bob? Script.html
What Lies Beneath,/Movie Scripts/What Lies Beneath Script.html
When a Stranger Calls,/Movie Scripts/When a Stranger Calls Script.html
When Harry Met Sally,/Movie Scripts/When Harry Met Sally Script.html
While She Was Out,/Movie Scripts/While She Was Out Script.html
"Whistleblower, The","/Movie Scripts/Whistleblower, The Script.html"
White Christmas,/Movie Scripts/White Christmas Script.html
White Jazz,/Movie Scripts/White Jazz Script.html
"White Ribbon, The","/Movie Scripts/White Ribbon, The Script.html"
White Squall,/Movie Scripts/White Squall Script.html
Whiteout,/Movie Scripts/Whiteout Script.html
Who Framed Roger Rabbit?,/Movie Scripts/Who Framed Roger Rabbit? Script.html
Who's Your Daddy,/Movie Scripts/Who's Your Daddy Script.html
Wild At Heart,/Movie Scripts/Wild At Heart Script.html
"Wild Bunch, The","/Movie Scripts/Wild Bunch, The Script.html"
Wild Hogs,/Movie Scripts/Wild Hogs Script.html
Wild Things,/Movie Scripts/Wild Things Script.html
Wild Things: Diamonds in the Rough,/Movie Scripts/Wild Things: Diamonds in the Rough Script.html
Wild Wild West,/Movie Scripts/Wild Wild West Script.html
Willow,/Movie Scripts/Willow Script.html
Win Win,/Movie Scripts/Win Win Script.html
Wind Chill,/Movie Scripts/Wind Chill Script.html
Withnail and I,/Movie Scripts/Withnail and I Script.html
Witness,/Movie Scripts/Witness Script.html
"Wizard of Oz, The","/Movie Scripts/Wizard of Oz, The Script.html"
"Wolf of Wall Street, The","/Movie Scripts/Wolf of Wall Street, The Script.html"
Wonder Boys,/Movie Scripts/Wonder Boys Script.html
"Woodsman, The","/Movie Scripts/Woodsman, The Script.html"
"World is not Enough, The","/Movie Scripts/World is not Enough, The Script.html"
"Wrestler, The","/Movie Scripts/Wrestler, The Script.html"
"X-Files: Fight the Future, The","/Movie Scripts/X-Files: Fight the Future, The Script.html"
X-Men,/Movie Scripts/X-Men Script.html
X-Men Origins: Wolverine,/Movie Scripts/X-Men Origins: Wolverine Script.html
xXx,/Movie Scripts/xXx Script.html
Year One,/Movie Scripts/Year One Script.html
Yes Man,/Movie Scripts/Yes Man Script.html
You Can Count On Me,/Movie Scripts/You Can Count On Me Script.html
You've Got Mail,/Movie Scripts/You've Got Mail Script.html
Youth in Revolt,/Movie Scripts/Youth in Revolt Script.html
Zero Dark Thirty,/Movie Scripts/Zero Dark Thirty Script.html
Zerophilia,/Movie Scripts/Zerophilia Script.html
Zootopia,/Movie Scripts/Zootopia Script.html
