,index,Movie_Title,Movie_Links
66,66,10 Things I Hate About You,/Movie Scripts/10 Things I Hate About You Script.html
67,67,12,/Movie Scripts/12 Script.html
68,68,12 and Holding,/Movie Scripts/12 and Holding Script.html
69,69,12 Monkeys,/Movie Scripts/12 Monkeys Script.html
70,70,12 Years a Slave,/Movie Scripts/12 Years a Slave Script.html
71,71,127 Hours,/Movie Scripts/127 Hours Script.html
72,72,1492: Conquest of Paradise,/Movie Scripts/1492: Conquest of Paradise Script.html
73,73,15 Minutes,/Movie Scripts/15 Minutes Script.html
74,74,17 Again,/Movie Scripts/17 Again Script.html
75,75,187,/Movie Scripts/187 Script.html
76,76,2001: A Space Odyssey,/Movie Scripts/2001: A Space Odyssey Script.html
77,77,2012,/Movie Scripts/2012 Script.html
78,78,25th Hour,/Movie Scripts/25th Hour Script.html
79,79,30 Minutes or Less,/Movie Scripts/30 Minutes or Less Script.html
80,80,42,/Movie Scripts/42 Script.html
81,81,44 Inch Chest,/Movie Scripts/44 Inch Chest Script.html
82,82,48 Hrs.,/Movie Scripts/48 Hrs. Script.html
83,83,50-50,/Movie Scripts/50-50 Script.html
84,84,500 Days of Summer,/Movie Scripts/500 Days of Summer Script.html
85,85,8 Mile,/Movie Scripts/8 Mile Script.html
86,86,8MM,/Movie Scripts/8MM Script.html
87,87,9,/Movie Scripts/9 Script.html
88,88,A Few Good Men,/Movie Scripts/A Few Good Men Script.html
89,89,A Most Violent Year,/Movie Scripts/A Most Violent Year Script.html
90,90,A Scanner Darkly,/Movie Scripts/A Scanner Darkly Script.html
91,91,A Serious Man,/Movie Scripts/A Serious Man Script.html
92,92,A.I.,/Movie Scripts/A.I. Script.html
93,93,Above the Law,/Movie Scripts/Above the Law Script.html
94,94,Absolute Power,/Movie Scripts/Absolute Power Script.html
95,95,"Abyss, The","/Movie Scripts/Abyss, The Script.html"
96,96,Ace Ventura: Pet Detective,/Movie Scripts/Ace Ventura: Pet Detective Script.html
97,97,Adaptation,/Movie Scripts/Adaptation Script.html
98,98,"Addams Family, The","/Movie Scripts/Addams Family, The Script.html"
99,99,"Adjustment Bureau, The","/Movie Scripts/Adjustment Bureau, The Script.html"
100,100,"Adventures of Buckaroo Banzai Across the Eighth Dimension, The","/Movie Scripts/Adventures of Buckaroo Banzai Across the Eighth Dimension, The Script.html"
101,101,Affliction,/Movie Scripts/Affliction Script.html
102,102,After School Special,/Movie Scripts/After School Special Script.html
103,103,After.Life,/Movie Scripts/After.Life Script.html
104,104,Agnes of God,/Movie Scripts/Agnes of God Script.html
105,105,Air Force One,/Movie Scripts/Air Force One Script.html
106,106,Airplane,/Movie Scripts/Airplane Script.html
107,107,Airplane 2: The Sequel,/Movie Scripts/Airplane 2: The Sequel Script.html
108,108,Aladdin,/Movie Scripts/Aladdin Script.html
109,109,Ali,/Movie Scripts/Ali Script.html
110,110,Alien,/Movie Scripts/Alien Script.html
111,111,Alien 3,/Movie Scripts/Alien 3 Script.html
112,112,Alien Nation,/Movie Scripts/Alien Nation Script.html
113,113,Alien vs. Predator,/Movie Scripts/Alien vs. Predator Script.html
114,114,Alien: Resurrection,/Movie Scripts/Alien: Resurrection Script.html
115,115,Aliens,/Movie Scripts/Aliens Script.html
116,116,All About Eve,/Movie Scripts/All About Eve Script.html
117,117,All About Steve,/Movie Scripts/All About Steve Script.html
118,118,All the King's Men,/Movie Scripts/All the King's Men Script.html
119,119,All the President's Men,/Movie Scripts/All the President's Men Script.html
120,120,Almost Famous,/Movie Scripts/Almost Famous Script.html
121,121,Alone in the Dark,/Movie Scripts/Alone in the Dark Script.html
122,122,Amadeus,/Movie Scripts/Amadeus Script.html
123,123,Amelia,/Movie Scripts/Amelia Script.html
124,124,American Beauty,/Movie Scripts/American Beauty Script.html
125,125,American Gangster,/Movie Scripts/American Gangster Script.html
126,126,American Graffiti,/Movie Scripts/American Graffiti Script.html
127,127,American History X,/Movie Scripts/American History X Script.html
128,128,American Hustle,/Movie Scripts/American Hustle Script.html
129,129,American Madness,/Movie Scripts/American Madness Script.html
130,130,American Milkshake,/Movie Scripts/American Milkshake Script.html
131,131,American Outlaws,/Movie Scripts/American Outlaws Script.html
132,132,American Pie,/Movie Scripts/American Pie Script.html
133,133,"American President, The","/Movie Scripts/American President, The Script.html"
134,134,American Psycho,/Movie Scripts/American Psycho Script.html
135,135,American Shaolin: King of Kickboxers II,/Movie Scripts/American Shaolin: King of Kickboxers II Script.html
136,136,American Sniper,/Movie Scripts/American Sniper Script.html
137,137,American Splendor,/Movie Scripts/American Splendor Script.html
138,138,American Werewolf in London,/Movie Scripts/American Werewolf in London Script.html
139,139,"American, The","/Movie Scripts/American, The Script.html"
140,140,"Amityville Asylum, The","/Movie Scripts/Amityville Asylum, The Script.html"
141,141,Amour,/Movie Scripts/Amour Script.html
142,142,An Education,/Movie Scripts/An Education Script.html
143,143,Analyze That,/Movie Scripts/Analyze That Script.html
144,144,Analyze This,/Movie Scripts/Analyze This Script.html
145,145,Anastasia,/Movie Scripts/Anastasia Script.html
146,146,Angel Eyes,/Movie Scripts/Angel Eyes Script.html
147,147,Angels & Demons,/Movie Scripts/Angels & Demons Script.html
148,148,Anna Karenina,/Movie Scripts/Anna Karenina Script.html
149,149,Annie Hall,/Movie Scripts/Annie Hall Script.html
150,150,"Anniversary Party, The","/Movie Scripts/Anniversary Party, The Script.html"
151,151,Anonymous,/Movie Scripts/Anonymous Script.html
152,152,Antitrust,/Movie Scripts/Antitrust Script.html
153,153,Antz,/Movie Scripts/Antz Script.html
154,154,"Apartment, The","/Movie Scripts/Apartment, The Script.html"
155,155,Apocalypse Now,/Movie Scripts/Apocalypse Now Script.html
156,156,Apollo 13,/Movie Scripts/Apollo 13 Script.html
157,157,April Fool's Day,/Movie Scripts/April Fool's Day Script.html
158,158,Apt Pupil,/Movie Scripts/Apt Pupil Script.html
159,159,Arbitrage,/Movie Scripts/Arbitrage Script.html
160,160,Arcade,/Movie Scripts/Arcade Script.html
161,161,Arctic Blue,/Movie Scripts/Arctic Blue Script.html
162,162,Argo,/Movie Scripts/Argo Script.html
163,163,Armageddon,/Movie Scripts/Armageddon Script.html
164,164,Army of Darkness,/Movie Scripts/Army of Darkness Script.html
165,165,Arsenic and Old Lace,/Movie Scripts/Arsenic and Old Lace Script.html
166,166,Arthur,/Movie Scripts/Arthur Script.html
167,167,"Artist, The","/Movie Scripts/Artist, The Script.html"
168,168,As Good As It Gets,/Movie Scripts/As Good As It Gets Script.html
169,169,Assassins,/Movie Scripts/Assassins Script.html
170,170,"Assignment, The","/Movie Scripts/Assignment, The Script.html"
171,171,At First Sight,/Movie Scripts/At First Sight Script.html
172,172,August: Osage County,/Movie Scripts/August: Osage County Script.html
173,173,Austin Powers - International Man of Mystery,/Movie Scripts/Austin Powers - International Man of Mystery Script.html
174,174,Austin Powers - The Spy Who Shagged Me,/Movie Scripts/Austin Powers - The Spy Who Shagged Me Script.html
175,175,Authors Anonymous,/Movie Scripts/Authors Anonymous Script.html
176,176,Autumn in New York,/Movie Scripts/Autumn in New York Script.html
177,177,Avatar,/Movie Scripts/Avatar Script.html
178,178,"Avengers, The","/Movie Scripts/Avengers, The Script.html"
179,179,"Avengers, The (2012)","/Movie Scripts/Avengers, The (2012) Script.html"
180,180,"Avventura, L' (The Adventure)","/Movie Scripts/Avventura, L' (The Adventure) Script.html"
181,181,Awakenings,/Movie Scripts/Awakenings Script.html
182,182,Babel,/Movie Scripts/Babel Script.html
183,183,Bachelor Party,/Movie Scripts/Bachelor Party Script.html
184,184,"Bachelor Party, The","/Movie Scripts/Bachelor Party, The Script.html"
185,185,Back to the Future,/Movie Scripts/Back to the Future Script.html
186,186,Back to the Future II & III,/Movie Scripts/Back to the Future II & III Script.html
187,187,"Back-up Plan, The","/Movie Scripts/Back-up Plan, The Script.html"
188,188,Backdraft,/Movie Scripts/Backdraft Script.html
189,189,Bad Boys,/Movie Scripts/Bad Boys Script.html
190,190,Bad Country,/Movie Scripts/Bad Country Script.html
191,191,Bad Day at Black Rock,/Movie Scripts/Bad Day at Black Rock Script.html
192,192,Bad Dreams,/Movie Scripts/Bad Dreams Script.html
193,193,Bad Lieutenant,/Movie Scripts/Bad Lieutenant Script.html
194,194,Bad Santa,/Movie Scripts/Bad Santa Script.html
195,195,Bad Teacher,/Movie Scripts/Bad Teacher Script.html
196,196,Badlands,/Movie Scripts/Badlands Script.html
197,197,Bamboozled,/Movie Scripts/Bamboozled Script.html
198,198,Barry Lyndon,/Movie Scripts/Barry Lyndon Script.html
199,199,Barton Fink,/Movie Scripts/Barton Fink Script.html
200,200,Basic,/Movie Scripts/Basic Script.html
201,201,Basic Instinct,/Movie Scripts/Basic Instinct Script.html
202,202,Basquiat,/Movie Scripts/Basquiat Script.html
203,203,Batman,/Movie Scripts/Batman Script.html
204,204,Batman 2,/Movie Scripts/Batman 2 Script.html
205,205,Batman and Robin,/Movie Scripts/Batman and Robin Script.html
206,206,Batman Begins,/Movie Scripts/Batman Begins Script.html
207,207,Batman Forever,/Movie Scripts/Batman Forever Script.html
208,208,Batman Returns,/Movie Scripts/Batman Returns Script.html
209,209,"Battle of Algiers, The","/Movie Scripts/Battle of Algiers, The Script.html"
210,210,"Battle of Shaker Heights, The","/Movie Scripts/Battle of Shaker Heights, The Script.html"
211,211,Battle: Los Angeles,/Movie Scripts/Battle: Los Angeles Script.html
212,212,"Beach, The","/Movie Scripts/Beach, The Script.html"
213,213,Bean,/Movie Scripts/Bean Script.html
214,214,Beasts of No Nation,/Movie Scripts/Beasts of No Nation Script.html
215,215,Beasts of the Southern Wild,/Movie Scripts/Beasts of the Southern Wild Script.html
216,216,Beauty and the Beast,/Movie Scripts/Beauty and the Beast Script.html
217,217,Beavis and Butt-head Do America,/Movie Scripts/Beavis and Butt-head Do America Script.html
218,218,Beginners,/Movie Scripts/Beginners Script.html
219,219,Being Human,/Movie Scripts/Being Human Script.html
220,220,Being John Malkovich,/Movie Scripts/Being John Malkovich Script.html
221,221,Being There,/Movie Scripts/Being There Script.html
222,222,"Believer, The","/Movie Scripts/Believer, The Script.html"
223,223,Belle,/Movie Scripts/Belle Script.html
224,224,Beloved,/Movie Scripts/Beloved Script.html
225,225,Benny & Joon,/Movie Scripts/Benny & Joon Script.html
226,226,"Best Exotic Marigold Hotel, The","/Movie Scripts/Best Exotic Marigold Hotel, The Script.html"
227,227,Big,/Movie Scripts/Big Script.html
228,228,"Big Blue, The","/Movie Scripts/Big Blue, The Script.html"
229,229,Big Eyes,/Movie Scripts/Big Eyes Script.html
230,230,Big Fish,/Movie Scripts/Big Fish Script.html
231,231,"Big Lebowski, The","/Movie Scripts/Big Lebowski, The Script.html"
232,232,"Big Sick, The","/Movie Scripts/Big Sick, The Script.html"
233,233,"Big White, The","/Movie Scripts/Big White, The Script.html"
234,234,Birdman,/Movie Scripts/Birdman Script.html
235,235,"Birds, The","/Movie Scripts/Birds, The Script.html"
236,236,Birthday Girl,/Movie Scripts/Birthday Girl Script.html
237,237,"Black Dahlia, The","/Movie Scripts/Black Dahlia, The Script.html"
238,238,Black Rain,/Movie Scripts/Black Rain Script.html
239,239,Black Snake Moan,/Movie Scripts/Black Snake Moan Script.html
240,240,Black Swan,/Movie Scripts/Black Swan Script.html
241,241,Blade,/Movie Scripts/Blade Script.html
242,242,Blade II,/Movie Scripts/Blade II Script.html
243,243,Blade Runner,/Movie Scripts/Blade Runner Script.html
244,244,Blade: Trinity,/Movie Scripts/Blade: Trinity Script.html
245,245,"Blast from the Past, The","/Movie Scripts/Blast from the Past, The Script.html"
246,246,"Blind Side, The","/Movie Scripts/Blind Side, The Script.html"
247,247,"Bling Ring, The","/Movie Scripts/Bling Ring, The Script.html"
248,248,Blood and Wine,/Movie Scripts/Blood and Wine Script.html
249,249,Blood Simple,/Movie Scripts/Blood Simple Script.html
250,250,Blow,/Movie Scripts/Blow Script.html
251,251,Blue Valentine,/Movie Scripts/Blue Valentine Script.html
252,252,Blue Velvet,/Movie Scripts/Blue Velvet Script.html
253,253,"Blues Brothers, The","/Movie Scripts/Blues Brothers, The Script.html"
254,254,"Bodies, Rest & Motion","/Movie Scripts/Bodies, Rest & Motion Script.html"
255,255,Body Heat,/Movie Scripts/Body Heat Script.html
256,256,Body of Evidence,/Movie Scripts/Body of Evidence Script.html
257,257,Bodyguard,/Movie Scripts/Bodyguard Script.html
258,258,Bones,/Movie Scripts/Bones Script.html
259,259,Bonfire of the Vanities,/Movie Scripts/Bonfire of the Vanities Script.html
260,260,Bonnie and Clyde,/Movie Scripts/Bonnie and Clyde Script.html
261,261,Boogie Nights,/Movie Scripts/Boogie Nights Script.html
262,262,"Book of Eli, The","/Movie Scripts/Book of Eli, The Script.html"
263,263,Boondock Saints 2: All Saints Day,/Movie Scripts/Boondock Saints 2: All Saints Day Script.html
264,264,"Boondock Saints, The","/Movie Scripts/Boondock Saints, The Script.html"
265,265,Bottle Rocket,/Movie Scripts/Bottle Rocket Script.html
266,266,Bound,/Movie Scripts/Bound Script.html
267,267,"Bounty Hunter, The","/Movie Scripts/Bounty Hunter, The Script.html"
268,268,"Bourne Identity, The","/Movie Scripts/Bourne Identity, The Script.html"
269,269,"Bourne Supremacy, The","/Movie Scripts/Bourne Supremacy, The Script.html"
270,270,"Bourne Ultimatum, The","/Movie Scripts/Bourne Ultimatum, The Script.html"
271,271,"Box, The","/Movie Scripts/Box, The Script.html"
272,272,"Boxtrolls, The","/Movie Scripts/Boxtrolls, The Script.html"
273,273,Boyhood,/Movie Scripts/Boyhood Script.html
274,274,Braveheart,/Movie Scripts/Braveheart Script.html
275,275,Brazil,/Movie Scripts/Brazil Script.html
276,276,Break,/Movie Scripts/Break Script.html
277,277,Breakdown,/Movie Scripts/Breakdown Script.html
278,278,"Breakfast Club, The","/Movie Scripts/Breakfast Club, The Script.html"
279,279,Breaking Away,/Movie Scripts/Breaking Away Script.html
280,280,Brick,/Movie Scripts/Brick Script.html
281,281,Bridesmaids,/Movie Scripts/Bridesmaids Script.html
282,282,Bringing Out the Dead,/Movie Scripts/Bringing Out the Dead Script.html
283,283,Broadcast News,/Movie Scripts/Broadcast News Script.html
284,284,Broken Arrow,/Movie Scripts/Broken Arrow Script.html
285,285,Broken Embraces,/Movie Scripts/Broken Embraces Script.html
286,286,"Brothers Bloom, The","/Movie Scripts/Brothers Bloom, The Script.html"
287,287,Bruce Almighty,/Movie Scripts/Bruce Almighty Script.html
288,288,Buffy the Vampire Slayer,/Movie Scripts/Buffy the Vampire Slayer Script.html
289,289,Bull Durham,/Movie Scripts/Bull Durham Script.html
290,290,Buried,/Movie Scripts/Buried Script.html
291,291,Burlesque,/Movie Scripts/Burlesque Script.html
292,292,Burn After Reading,/Movie Scripts/Burn After Reading Script.html
293,293,Burning Annie,/Movie Scripts/Burning Annie Script.html
294,294,"Butterfly Effect, The","/Movie Scripts/Butterfly Effect, The Script.html"
295,295,Cable Guy,/Movie Scripts/Cable Guy Script.html
296,296,Candle to Water,/Movie Scripts/Candle to Water Script.html
297,297,Capote,/Movie Scripts/Capote Script.html
298,298,Carrie,/Movie Scripts/Carrie Script.html
299,299,Cars 2,/Movie Scripts/Cars 2 Script.html
300,300,Casablanca,/Movie Scripts/Casablanca Script.html
301,301,Case 39,/Movie Scripts/Case 39 Script.html
302,302,Casino,/Movie Scripts/Casino Script.html
303,303,Cast Away,/Movie Scripts/Cast Away Script.html
304,304,Catch Me If You Can,/Movie Scripts/Catch Me If You Can Script.html
305,305,Catwoman,/Movie Scripts/Catwoman Script.html
306,306,Cecil B. Demented,/Movie Scripts/Cecil B. Demented Script.html
307,307,Cedar Rapids,/Movie Scripts/Cedar Rapids Script.html
308,308,Celeste & Jesse Forever,/Movie Scripts/Celeste & Jesse Forever Script.html
309,309,"Cell, The","/Movie Scripts/Cell, The Script.html"
310,310,Cellular,/Movie Scripts/Cellular Script.html
311,311,"Change-Up, The","/Movie Scripts/Change-Up, The Script.html"
312,312,Changeling,/Movie Scripts/Changeling Script.html
313,313,Chaos,/Movie Scripts/Chaos Script.html
314,314,Charade,/Movie Scripts/Charade Script.html
315,315,Charlie's Angels,/Movie Scripts/Charlie's Angels Script.html
316,316,Chasing Amy,/Movie Scripts/Chasing Amy Script.html
317,317,Chasing Sleep,/Movie Scripts/Chasing Sleep Script.html
318,318,Cherry Falls,/Movie Scripts/Cherry Falls Script.html
319,319,Chinatown,/Movie Scripts/Chinatown Script.html
320,320,Christ Complex,/Movie Scripts/Christ Complex Script.html
321,321,Chronicle,/Movie Scripts/Chronicle Script.html
322,322,"Chronicles of Narnia: The Lion, the Witch and the Wardrobe","/Movie Scripts/Chronicles of Narnia: The Lion, the Witch and the Wardrobe Script.html"
323,323,"Cider House Rules, The","/Movie Scripts/Cider House Rules, The Script.html"
324,324,"Cincinnati Kid, The","/Movie Scripts/Cincinnati Kid, The Script.html"
325,325,Cinema Paradiso,/Movie Scripts/Cinema Paradiso Script.html
326,326,Cirque du Freak: The Vampire's Assistant,/Movie Scripts/Cirque du Freak: The Vampire's Assistant Script.html
327,327,Citizen Kane,/Movie Scripts/Citizen Kane Script.html
328,328,City of Joy,/Movie Scripts/City of Joy Script.html
329,329,Clash of the Titans,/Movie Scripts/Clash of the Titans Script.html
330,330,Clerks,/Movie Scripts/Clerks Script.html
331,331,Cliffhanger,/Movie Scripts/Cliffhanger Script.html
332,332,"Clockwork Orange, A","/Movie Scripts/Clockwork Orange, A Script.html"
333,333,Clueless,/Movie Scripts/Clueless Script.html
334,334,Cobb,/Movie Scripts/Cobb Script.html
335,335,Coco,/Movie Scripts/Coco Script.html
336,336,Code of Silence,/Movie Scripts/Code of Silence Script.html
337,337,Cold Mountain,/Movie Scripts/Cold Mountain Script.html
338,338,Collateral,/Movie Scripts/Collateral Script.html
339,339,Collateral Damage,/Movie Scripts/Collateral Damage Script.html
340,340,Colombiana,/Movie Scripts/Colombiana Script.html
341,341,Color of Night,/Movie Scripts/Color of Night Script.html
342,342,Commando,/Movie Scripts/Commando Script.html
343,343,Conan the Barbarian,/Movie Scripts/Conan the Barbarian Script.html
344,344,Confessions of a Dangerous Mind,/Movie Scripts/Confessions of a Dangerous Mind Script.html
345,345,Confidence,/Movie Scripts/Confidence Script.html
346,346,Constantine,/Movie Scripts/Constantine Script.html
347,347,Contact,/Movie Scripts/Contact Script.html
348,348,"Cooler, The","/Movie Scripts/Cooler, The Script.html"
349,349,Copycat,/Movie Scripts/Copycat Script.html
350,350,Coraline,/Movie Scripts/Coraline Script.html
351,351,Coriolanus,/Movie Scripts/Coriolanus Script.html
352,352,Courage Under Fire,/Movie Scripts/Courage Under Fire Script.html
353,353,Cowboys & Aliens,/Movie Scripts/Cowboys & Aliens Script.html
354,354,Cradle 2 the Grave,/Movie Scripts/Cradle 2 the Grave Script.html
355,355,Crank,/Movie Scripts/Crank Script.html
356,356,Crash,/Movie Scripts/Crash Script.html
357,357,"Crazy, Stupid, Love","/Movie Scripts/Crazy, Stupid, Love Script.html"
358,358,Crazylove,/Movie Scripts/Crazylove Script.html
359,359,Creation,/Movie Scripts/Creation Script.html
360,360,Crime Spree,/Movie Scripts/Crime Spree Script.html
361,361,"Croods, The","/Movie Scripts/Croods, The Script.html"
362,362,"Crouching Tiger, Hidden Dragon","/Movie Scripts/Crouching Tiger, Hidden Dragon Script.html"
363,363,Croupier,/Movie Scripts/Croupier Script.html
364,364,"Crow Salvation, The","/Movie Scripts/Crow Salvation, The Script.html"
365,365,"Crow, The","/Movie Scripts/Crow, The Script.html"
366,366,"Crow: City of Angels, The","/Movie Scripts/Crow: City of Angels, The Script.html"
367,367,Cruel Intentions,/Movie Scripts/Cruel Intentions Script.html
368,368,Crying Game,/Movie Scripts/Crying Game Script.html
369,369,Cube,/Movie Scripts/Cube Script.html
370,370,"Curious Case of Benjamin Button, The","/Movie Scripts/Curious Case of Benjamin Button, The Script.html"
371,371,Custody,/Movie Scripts/Custody Script.html
372,372,Dallas Buyers Club,/Movie Scripts/Dallas Buyers Club Script.html
373,373,"Damned United, The","/Movie Scripts/Damned United, The Script.html"
374,374,Dances with Wolves,/Movie Scripts/Dances with Wolves Script.html
375,375,Dark City,/Movie Scripts/Dark City Script.html
376,376,"Dark Knight Rises, The","/Movie Scripts/Dark Knight Rises, The Script.html"
377,377,"Dark Knight, The","/Movie Scripts/Dark Knight, The Script.html"
378,378,Dark Star,/Movie Scripts/Dark Star Script.html
379,379,Darkman,/Movie Scripts/Darkman Script.html
380,380,Date Night,/Movie Scripts/Date Night Script.html
381,381,Dave Barry's Complete Guide to Guys,/Movie Scripts/Dave Barry's Complete Guide to Guys Script.html
382,382,Dawn of the Dead,/Movie Scripts/Dawn of the Dead Script.html
383,383,Day of the Dead,/Movie Scripts/Day of the Dead Script.html
384,384,"Day the Clown Cried, The","/Movie Scripts/Day the Clown Cried, The Script.html"
385,385,"Day the Earth Stood Still, The","/Movie Scripts/Day the Earth Stood Still, The Script.html"
386,386,Days of Heaven,/Movie Scripts/Days of Heaven Script.html
387,387,Dead Poets Society,/Movie Scripts/Dead Poets Society Script.html
388,388,Deadpool,/Movie Scripts/Deadpool Script.html
389,389,Dear White People,/Movie Scripts/Dear White People Script.html
390,390,Death at a Funeral,/Movie Scripts/Death at a Funeral Script.html
391,391,Death to Smoochy,/Movie Scripts/Death to Smoochy Script.html
392,392,"Debt, The","/Movie Scripts/Debt, The Script.html"
393,393,Deception,/Movie Scripts/Deception Script.html
394,394,Deep Cover,/Movie Scripts/Deep Cover Script.html
395,395,Deep Rising,/Movie Scripts/Deep Rising Script.html
396,396,"Deer Hunter, The","/Movie Scripts/Deer Hunter, The Script.html"
397,397,Defiance,/Movie Scripts/Defiance Script.html
398,398,"Departed, The","/Movie Scripts/Departed, The Script.html"
399,399,"Descendants, The","/Movie Scripts/Descendants, The Script.html"
400,400,Despicable Me 2,/Movie Scripts/Despicable Me 2 Script.html
401,401,Detroit Rock City,/Movie Scripts/Detroit Rock City Script.html
402,402,Devil in a Blue Dress,/Movie Scripts/Devil in a Blue Dress Script.html
403,403,Devil's Advocate,/Movie Scripts/Devil's Advocate Script.html
404,404,Die Hard,/Movie Scripts/Die Hard Script.html
405,405,Die Hard 2,/Movie Scripts/Die Hard 2 Script.html
406,406,Diner,/Movie Scripts/Diner Script.html
407,407,"Distinguished Gentleman, The","/Movie Scripts/Distinguished Gentleman, The Script.html"
408,408,Disturbia,/Movie Scripts/Disturbia Script.html
409,409,Django Unchained,/Movie Scripts/Django Unchained Script.html
410,410,Do The Right Thing,/Movie Scripts/Do The Right Thing Script.html
411,411,Dog Day Afternoon,/Movie Scripts/Dog Day Afternoon Script.html
412,412,Dogma,/Movie Scripts/Dogma Script.html
413,413,Donnie Brasco,/Movie Scripts/Donnie Brasco Script.html
414,414,Donnie Darko,/Movie Scripts/Donnie Darko Script.html
415,415,"Doors, The","/Movie Scripts/Doors, The Script.html"
416,416,Double Indemnity,/Movie Scripts/Double Indemnity Script.html
417,417,Drag Me to Hell,/Movie Scripts/Drag Me to Hell Script.html
418,418,Dragonslayer,/Movie Scripts/Dragonslayer Script.html
419,419,Drive,/Movie Scripts/Drive Script.html
420,420,Drive Angry,/Movie Scripts/Drive Angry Script.html
421,421,Drop Dead Gorgeous,/Movie Scripts/Drop Dead Gorgeous Script.html
422,422,"Dry White Season, A","/Movie Scripts/Dry White Season, A Script.html"
423,423,Duck Soup,/Movie Scripts/Duck Soup Script.html
424,424,Dumb and Dumber,/Movie Scripts/Dumb and Dumber Script.html
425,425,Dune,/Movie Scripts/Dune Script.html
426,426,E.T.,/Movie Scripts/E.T. Script.html
427,427,Eagle Eye,/Movie Scripts/Eagle Eye Script.html
428,428,Eastern Promises,/Movie Scripts/Eastern Promises Script.html
429,429,Easy A,/Movie Scripts/Easy A Script.html
430,430,Ed TV,/Movie Scripts/Ed TV Script.html
431,431,Ed Wood,/Movie Scripts/Ed Wood Script.html
432,432,Edward Scissorhands,/Movie Scripts/Edward Scissorhands Script.html
433,433,Eight Legged Freaks,/Movie Scripts/Eight Legged Freaks Script.html
434,434,El Mariachi,/Movie Scripts/El Mariachi Script.html
435,435,Election,/Movie Scripts/Election Script.html
436,436,"Elephant Man, The","/Movie Scripts/Elephant Man, The Script.html"
437,437,Elizabeth: The Golden Age,/Movie Scripts/Elizabeth: The Golden Age Script.html
438,438,Enemy of the State,/Movie Scripts/Enemy of the State Script.html
439,439,"English Patient, The","/Movie Scripts/English Patient, The Script.html"
440,440,Enough,/Movie Scripts/Enough Script.html
441,441,Entrapment,/Movie Scripts/Entrapment Script.html
442,442,Equilibrium,/Movie Scripts/Equilibrium Script.html
443,443,Erik the Viking,/Movie Scripts/Erik the Viking Script.html
444,444,Erin Brockovich,/Movie Scripts/Erin Brockovich Script.html
445,445,Escape From L.A.,/Movie Scripts/Escape From L.A. Script.html
446,446,Escape From New York,/Movie Scripts/Escape From New York Script.html
447,447,Eternal Sunshine of the Spotless Mind,/Movie Scripts/Eternal Sunshine of the Spotless Mind Script.html
448,448,Even Cowgirls Get the Blues,/Movie Scripts/Even Cowgirls Get the Blues Script.html
449,449,Event Horizon,/Movie Scripts/Event Horizon Script.html
450,450,Evil Dead,/Movie Scripts/Evil Dead Script.html
451,451,Evil Dead II: Dead by Dawn,/Movie Scripts/Evil Dead II: Dead by Dawn Script.html
452,452,Ex Machina,/Movie Scripts/Ex Machina Script.html
453,453,Excalibur,/Movie Scripts/Excalibur Script.html
454,454,Executive Decision,/Movie Scripts/Executive Decision Script.html
455,455,eXistenZ,/Movie Scripts/eXistenZ Script.html
456,456,Extract,/Movie Scripts/Extract Script.html
457,457,Eyes Wide Shut,/Movie Scripts/Eyes Wide Shut Script.html
458,458,"Fabulous Baker Boys, The","/Movie Scripts/Fabulous Baker Boys, The Script.html"
459,459,Face Off,/Movie Scripts/Face Off Script.html
460,460,Fair Game,/Movie Scripts/Fair Game Script.html
461,461,"Family Man, The","/Movie Scripts/Family Man, The Script.html"
462,462,Fantastic Four,/Movie Scripts/Fantastic Four Script.html
463,463,Fantastic Mr Fox,/Movie Scripts/Fantastic Mr Fox Script.html
464,464,Fargo,/Movie Scripts/Fargo Script.html
465,465,Fast Times at Ridgemont High,/Movie Scripts/Fast Times at Ridgemont High Script.html
466,466,Fatal Instinct,/Movie Scripts/Fatal Instinct Script.html
467,467,"Fault in Our Stars, The","/Movie Scripts/Fault in Our Stars, The Script.html"
468,468,Fear and Loathing in Las Vegas,/Movie Scripts/Fear and Loathing in Las Vegas Script.html
469,469,Feast,/Movie Scripts/Feast Script.html
470,470,Ferris Bueller's Day Off,/Movie Scripts/Ferris Bueller's Day Off Script.html
471,471,Field of Dreams,/Movie Scripts/Field of Dreams Script.html
472,472,"Fifth Element, The","/Movie Scripts/Fifth Element, The Script.html"
473,473,Fight Club,/Movie Scripts/Fight Club Script.html
474,474,"Fighter, The","/Movie Scripts/Fighter, The Script.html"
475,475,Final Destination,/Movie Scripts/Final Destination Script.html
476,476,Final Destination 2,/Movie Scripts/Final Destination 2 Script.html
477,477,Finding Nemo,/Movie Scripts/Finding Nemo Script.html
478,478,Five Easy Pieces,/Movie Scripts/Five Easy Pieces Script.html
479,479,Flash Gordon,/Movie Scripts/Flash Gordon Script.html
480,480,Fletch,/Movie Scripts/Fletch Script.html
481,481,Flight,/Movie Scripts/Flight Script.html
482,482,"Flintstones, The","/Movie Scripts/Flintstones, The Script.html"
483,483,Forrest Gump,/Movie Scripts/Forrest Gump Script.html
484,484,Four Feathers,/Movie Scripts/Four Feathers Script.html
485,485,Four Rooms,/Movie Scripts/Four Rooms Script.html
486,486,Foxcatcher,/Movie Scripts/Foxcatcher Script.html
487,487,Fracture,/Movie Scripts/Fracture Script.html
488,488,Frances,/Movie Scripts/Frances Script.html
489,489,Frankenstein,/Movie Scripts/Frankenstein Script.html
490,490,Frankenweenie,/Movie Scripts/Frankenweenie Script.html
491,491,Freaked,/Movie Scripts/Freaked Script.html
492,492,Freddy vs. Jason,/Movie Scripts/Freddy vs. Jason Script.html
493,493,"French Connection, The","/Movie Scripts/French Connection, The Script.html"
494,494,Frequency,/Movie Scripts/Frequency Script.html
495,495,Friday the 13th,/Movie Scripts/Friday the 13th Script.html
496,496,Friday the 13th Part VIII: Jason Takes Manhattan,/Movie Scripts/Friday the 13th Part VIII: Jason Takes Manhattan Script.html
497,497,Fright Night,/Movie Scripts/Fright Night Script.html
498,498,Fright Night (1985),/Movie Scripts/Fright Night (1985) Script.html
499,499,From Dusk Till Dawn,/Movie Scripts/From Dusk Till Dawn Script.html
500,500,From Here to Eternity,/Movie Scripts/From Here to Eternity Script.html
501,501,Frozen,/Movie Scripts/Frozen Script.html
502,502,Frozen (Disney),/Movie Scripts/Frozen (Disney) Script.html
503,503,Frozen River,/Movie Scripts/Frozen River Script.html
504,504,Fruitvale Station,/Movie Scripts/Fruitvale Station Script.html
505,505,"Fugitive, The","/Movie Scripts/Fugitive, The Script.html"
506,506,Full Metal Jacket,/Movie Scripts/Full Metal Jacket Script.html
507,507,Funny People,/Movie Scripts/Funny People Script.html
508,508,Fury,/Movie Scripts/Fury Script.html
509,509,G.I. Jane,/Movie Scripts/G.I. Jane Script.html
510,510,G.I. Joe: The Rise of Cobra,/Movie Scripts/G.I. Joe: The Rise of Cobra Script.html
511,511,Game 6,/Movie Scripts/Game 6 Script.html
512,512,"Game, The","/Movie Scripts/Game, The Script.html"
513,513,Gamer,/Movie Scripts/Gamer Script.html
514,514,Gandhi,/Movie Scripts/Gandhi Script.html
515,515,Gang Related,/Movie Scripts/Gang Related Script.html
516,516,Gangs of New York,/Movie Scripts/Gangs of New York Script.html
517,517,Garden State,/Movie Scripts/Garden State Script.html
518,518,Gattaca,/Movie Scripts/Gattaca Script.html
519,519,Get Carter,/Movie Scripts/Get Carter Script.html
520,520,Get Low,/Movie Scripts/Get Low Script.html
521,521,Get on Up,/Movie Scripts/Get on Up Script.html
522,522,Get Out,/Movie Scripts/Get Out Script.html
523,523,Get Shorty,/Movie Scripts/Get Shorty Script.html
524,524,"Getaway, The","/Movie Scripts/Getaway, The Script.html"
525,525,Ghost,/Movie Scripts/Ghost Script.html
526,526,"Ghost and the Darkness, The","/Movie Scripts/Ghost and the Darkness, The Script.html"
527,527,Ghost Rider,/Movie Scripts/Ghost Rider Script.html
528,528,Ghost Ship,/Movie Scripts/Ghost Ship Script.html
529,529,Ghost World,/Movie Scripts/Ghost World Script.html
530,530,Ghostbusters,/Movie Scripts/Ghostbusters Script.html
531,531,Ghostbusters 2,/Movie Scripts/Ghostbusters 2 Script.html
532,532,Ginger Snaps,/Movie Scripts/Ginger Snaps Script.html
533,533,"Girl with the Dragon Tattoo, The","/Movie Scripts/Girl with the Dragon Tattoo, The Script.html"
534,534,Gladiator,/Movie Scripts/Gladiator Script.html
535,535,Glengarry Glen Gross,/Movie Scripts/Glengarry Glen Gross Script.html
536,536,Go,/Movie Scripts/Go Script.html
537,537,Godfather,/Movie Scripts/Godfather Script.html
538,538,Godfather Part II,/Movie Scripts/Godfather Part II Script.html
539,539,"Godfather Part III, The","/Movie Scripts/Godfather Part III, The Script.html"
540,540,Gods and Monsters,/Movie Scripts/Gods and Monsters Script.html
541,541,Godzilla,/Movie Scripts/Godzilla Script.html
542,542,Gone Baby Gone,/Movie Scripts/Gone Baby Gone Script.html
543,543,Gone in 60 Seconds,/Movie Scripts/Gone in 60 Seconds Script.html
544,544,"Good Girl, The","/Movie Scripts/Good Girl, The Script.html"
545,545,Good Will Hunting,/Movie Scripts/Good Will Hunting Script.html
546,546,Goodfellas,/Movie Scripts/Goodfellas Script.html
547,547,Gothika,/Movie Scripts/Gothika Script.html
548,548,Grabbers,/Movie Scripts/Grabbers Script.html
549,549,"Graduate, The","/Movie Scripts/Graduate, The Script.html"
550,550,Gran Torino,/Movie Scripts/Gran Torino Script.html
551,551,Grand Hotel,/Movie Scripts/Grand Hotel Script.html
552,552,Grand Theft Parsons,/Movie Scripts/Grand Theft Parsons Script.html
553,553,"Grapes of Wrath, The","/Movie Scripts/Grapes of Wrath, The Script.html"
554,554,Gravity,/Movie Scripts/Gravity Script.html
555,555,"Great Gatsby, The","/Movie Scripts/Great Gatsby, The Script.html"
556,556,"Green Mile, The","/Movie Scripts/Green Mile, The Script.html"
557,557,Gremlins,/Movie Scripts/Gremlins Script.html
558,558,Gremlins 2,/Movie Scripts/Gremlins 2 Script.html
559,559,"Grifters, The","/Movie Scripts/Grifters, The Script.html"
560,560,Grosse Point Blank,/Movie Scripts/Grosse Point Blank Script.html
561,561,Groundhog Day,/Movie Scripts/Groundhog Day Script.html
562,562,"Grudge, The","/Movie Scripts/Grudge, The Script.html"
563,563,Guardians of the Galaxy Vol 2,/Movie Scripts/Guardians of the Galaxy Vol 2 Script.html
564,564,Hackers,/Movie Scripts/Hackers Script.html
565,565,Hall Pass,/Movie Scripts/Hall Pass Script.html
566,566,Halloween: The Curse of Michael Myers,/Movie Scripts/Halloween: The Curse of Michael Myers Script.html
567,567,Hancock,/Movie Scripts/Hancock Script.html
568,568,"Hangover, The","/Movie Scripts/Hangover, The Script.html"
569,569,Hanna,/Movie Scripts/Hanna Script.html
570,570,Hannah and Her Sisters,/Movie Scripts/Hannah and Her Sisters Script.html
571,571,Hannibal,/Movie Scripts/Hannibal Script.html
572,572,"Happy Birthday, Wanda June","/Movie Scripts/Happy Birthday, Wanda June Script.html"
573,573,Happy Feet,/Movie Scripts/Happy Feet Script.html
574,574,Hard Rain,/Movie Scripts/Hard Rain Script.html
575,575,Hard to Kill,/Movie Scripts/Hard to Kill Script.html
576,576,Harold and Kumar Go to White Castle,/Movie Scripts/Harold and Kumar Go to White Castle Script.html
577,577,Harry Potter and the Chamber of Secrets,/Movie Scripts/Harry Potter and the Chamber of Secrets Script.html
578,578,Harry Potter and the Deathly Hallows Part 1,/Movie Scripts/Harry Potter and the Deathly Hallows Part 1 Script.html
579,579,Harry Potter and the Goblet of Fire,/Movie Scripts/Harry Potter and the Goblet of Fire Script.html
580,580,Harry Potter and the Half-Blood Prince,/Movie Scripts/Harry Potter and the Half-Blood Prince Script.html
581,581,Harry Potter and the Prisoner of Azkaban,/Movie Scripts/Harry Potter and the Prisoner of Azkaban Script.html
582,582,Harry Potter and the Sorcerer's Stone,/Movie Scripts/Harry Potter and the Sorcerer's Stone Script.html
583,583,"Haunting, The","/Movie Scripts/Haunting, The Script.html"
584,584,He's Just Not That Into You,/Movie Scripts/He's Just Not That Into You Script.html
585,585,Heat,/Movie Scripts/Heat Script.html
586,586,Heathers,/Movie Scripts/Heathers Script.html
587,587,Heavenly Creatures,/Movie Scripts/Heavenly Creatures Script.html
588,588,Heavy Metal,/Movie Scripts/Heavy Metal Script.html
589,589,"Hebrew Hammer, The","/Movie Scripts/Hebrew Hammer, The Script.html"
590,590,Heist,/Movie Scripts/Heist Script.html
591,591,Hellbound: Hellraiser II,/Movie Scripts/Hellbound: Hellraiser II Script.html
592,592,Hellboy,/Movie Scripts/Hellboy Script.html
593,593,Hellboy 2: The Golden Army,/Movie Scripts/Hellboy 2: The Golden Army Script.html
594,594,Hellraiser,/Movie Scripts/Hellraiser Script.html
595,595,Hellraiser 3: Hell on Earth,/Movie Scripts/Hellraiser 3: Hell on Earth Script.html
596,596,Hellraiser: Deader,/Movie Scripts/Hellraiser: Deader Script.html
597,597,Hellraiser: Hellseeker,/Movie Scripts/Hellraiser: Hellseeker Script.html
598,598,"Help, The","/Movie Scripts/Help, The Script.html"
599,599,Henry Fool,/Movie Scripts/Henry Fool Script.html
600,600,Henry's Crime,/Movie Scripts/Henry's Crime Script.html
601,601,Her,/Movie Scripts/Her Script.html
602,602,Hesher,/Movie Scripts/Hesher Script.html
603,603,High Fidelity,/Movie Scripts/High Fidelity Script.html
604,604,Highlander,/Movie Scripts/Highlander Script.html
605,605,Highlander: Endgame,/Movie Scripts/Highlander: Endgame Script.html
606,606,"Hills Have Eyes, The","/Movie Scripts/Hills Have Eyes, The Script.html"
607,607,His Girl Friday,/Movie Scripts/His Girl Friday Script.html
608,608,Hitchcock,/Movie Scripts/Hitchcock Script.html
609,609,"Hitchhiker's Guide to the Galaxy, The","/Movie Scripts/Hitchhiker's Guide to the Galaxy, The Script.html"
610,610,Hollow Man,/Movie Scripts/Hollow Man Script.html
611,611,Honeydripper,/Movie Scripts/Honeydripper Script.html
612,612,Horrible Bosses,/Movie Scripts/Horrible Bosses Script.html
613,613,"Horse Whisperer, The","/Movie Scripts/Horse Whisperer, The Script.html"
614,614,"Hospital, The","/Movie Scripts/Hospital, The Script.html"
615,615,Hostage,/Movie Scripts/Hostage Script.html
616,616,Hot Tub Time Machine,/Movie Scripts/Hot Tub Time Machine Script.html
617,617,Hotel Rwanda,/Movie Scripts/Hotel Rwanda Script.html
618,618,House of 1000 Corpses,/Movie Scripts/House of 1000 Corpses Script.html
619,619,How to Lose Friends & Alienate People,/Movie Scripts/How to Lose Friends & Alienate People Script.html
620,620,How to Train Your Dragon,/Movie Scripts/How to Train Your Dragon Script.html
621,621,How to Train Your Dragon 2,/Movie Scripts/How to Train Your Dragon 2 Script.html
622,622,Hudson Hawk,/Movie Scripts/Hudson Hawk Script.html
623,623,"Hudsucker Proxy, The","/Movie Scripts/Hudsucker Proxy, The Script.html"
624,624,Human Nature,/Movie Scripts/Human Nature Script.html
625,625,"Hunt for Red October, The","/Movie Scripts/Hunt for Red October, The Script.html"
626,626,"Hurt Locker, The","/Movie Scripts/Hurt Locker, The Script.html"
627,627,I Am Number Four,/Movie Scripts/I Am Number Four Script.html
628,628,I am Sam,/Movie Scripts/I am Sam Script.html
629,629,I Love You Phillip Morris,/Movie Scripts/I Love You Phillip Morris Script.html
630,630,I Spit on Your Grave,/Movie Scripts/I Spit on Your Grave Script.html
631,631,I Still Know What You Did Last Summer,/Movie Scripts/I Still Know What You Did Last Summer Script.html
632,632,I'll Do Anything,/Movie Scripts/I'll Do Anything Script.html
633,633,"I, Robot","/Movie Scripts/I, Robot Script.html"
634,634,"Ice Storm, The","/Movie Scripts/Ice Storm, The Script.html"
635,635,"Ides of March, The","/Movie Scripts/Ides of March, The Script.html"
636,636,"Imaginarium of Doctor Parnassus, The","/Movie Scripts/Imaginarium of Doctor Parnassus, The Script.html"
637,637,In the Bedroom,/Movie Scripts/In the Bedroom Script.html
638,638,In the Loop,/Movie Scripts/In the Loop Script.html
639,639,Inception,/Movie Scripts/Inception Script.html
640,640,"Incredibles, The","/Movie Scripts/Incredibles, The Script.html"
641,641,Independence Day,/Movie Scripts/Independence Day Script.html
642,642,Indiana Jones and the Last Crusade,/Movie Scripts/Indiana Jones and the Last Crusade Script.html
643,643,Indiana Jones and the Raiders of the Lost Ark,/Movie Scripts/Indiana Jones and the Raiders of the Lost Ark Script.html
644,644,Indiana Jones and the Temple of Doom,/Movie Scripts/Indiana Jones and the Temple of Doom Script.html
645,645,Indiana Jones IV,/Movie Scripts/Indiana Jones IV Script.html
646,646,"Informant, The","/Movie Scripts/Informant, The Script.html"
647,647,Inglourious Basterds,/Movie Scripts/Inglourious Basterds Script.html
648,648,Innerspace,/Movie Scripts/Innerspace Script.html
649,649,"Insider, The","/Movie Scripts/Insider, The Script.html"
650,650,Insidious,/Movie Scripts/Insidious Script.html
651,651,Insomnia,/Movie Scripts/Insomnia Script.html
652,652,Interstellar,/Movie Scripts/Interstellar Script.html
653,653,Interview with the Vampire,/Movie Scripts/Interview with the Vampire Script.html
654,654,Into the Wild,/Movie Scripts/Into the Wild Script.html
655,655,Into the Woods,/Movie Scripts/Into the Woods Script.html
656,656,Intolerable Cruelty,/Movie Scripts/Intolerable Cruelty Script.html
657,657,Inventing the Abbotts,/Movie Scripts/Inventing the Abbotts Script.html
658,658,"Invention of Lying, The","/Movie Scripts/Invention of Lying, The Script.html"
659,659,Invictus,/Movie Scripts/Invictus Script.html
660,660,"Iron Lady, The","/Movie Scripts/Iron Lady, The Script.html"
661,661,"Island, The","/Movie Scripts/Island, The Script.html"
662,662,It,/Movie Scripts/It Script.html
663,663,It Happened One Night,/Movie Scripts/It Happened One Night Script.html
664,664,It Happened One Night,/Movie Scripts/It Happened One Night Script.html
665,665,It's a Wonderful Life,/Movie Scripts/It's a Wonderful Life Script.html
666,666,It's Complicated,/Movie Scripts/It's Complicated Script.html
667,667,"Italian Job, The","/Movie Scripts/Italian Job, The Script.html"
668,668,"Jacket, The","/Movie Scripts/Jacket, The Script.html"
669,669,Jackie Brown,/Movie Scripts/Jackie Brown Script.html
670,670,Jacob's Ladder,/Movie Scripts/Jacob's Ladder Script.html
671,671,Jade,/Movie Scripts/Jade Script.html
672,672,Jane Eyre,/Movie Scripts/Jane Eyre Script.html
673,673,Jason X,/Movie Scripts/Jason X Script.html
674,674,Jaws,/Movie Scripts/Jaws Script.html
675,675,Jaws 2,/Movie Scripts/Jaws 2 Script.html
676,676,Jay and Silent Bob Strike Back,/Movie Scripts/Jay and Silent Bob Strike Back Script.html
677,677,Jennifer Eight,/Movie Scripts/Jennifer Eight Script.html
678,678,Jennifer's Body,/Movie Scripts/Jennifer's Body Script.html
679,679,Jerry Maguire,/Movie Scripts/Jerry Maguire Script.html
680,680,Jeux Interdits,/Movie Scripts/Jeux Interdits Script.html
681,681,JFK,/Movie Scripts/JFK Script.html
682,682,Jimmy and Judy,/Movie Scripts/Jimmy and Judy Script.html
683,683,John Q,/Movie Scripts/John Q Script.html
684,684,John Wick,/Movie Scripts/John Wick Script.html
685,685,Judge Dredd,/Movie Scripts/Judge Dredd Script.html
686,686,Juno,/Movie Scripts/Juno Script.html
687,687,Jurassic Park,/Movie Scripts/Jurassic Park Script.html
688,688,Jurassic Park III,/Movie Scripts/Jurassic Park III Script.html
689,689,Jurassic Park: The Lost World,/Movie Scripts/Jurassic Park: The Lost World Script.html
690,690,Kafka,/Movie Scripts/Kafka Script.html
691,691,Kalifornia,/Movie Scripts/Kalifornia Script.html
692,692,Kate & Leopold,/Movie Scripts/Kate & Leopold Script.html
693,693,Kids,/Movie Scripts/Kids Script.html
694,694,"Kids Are All Right, The","/Movie Scripts/Kids Are All Right, The Script.html"
695,695,Kill Bill Volume 1 & 2,/Movie Scripts/Kill Bill Volume 1 & 2 Script.html
696,696,Kill Your Darlings,/Movie Scripts/Kill Your Darlings Script.html
697,697,Killing Zoe,/Movie Scripts/Killing Zoe Script.html
698,698,King Kong,/Movie Scripts/King Kong Script.html
699,699,"King of Comedy, The","/Movie Scripts/King of Comedy, The Script.html"
700,700,"King's Speech, The","/Movie Scripts/King's Speech, The Script.html"
701,701,"Kingdom, The","/Movie Scripts/Kingdom, The Script.html"
702,702,Kiss of the Spider Woman,/Movie Scripts/Kiss of the Spider Woman Script.html
703,703,Klute,/Movie Scripts/Klute Script.html
704,704,Knocked Up,/Movie Scripts/Knocked Up Script.html
705,705,Kramer vs Kramer,/Movie Scripts/Kramer vs Kramer Script.html
706,706,Kundun,/Movie Scripts/Kundun Script.html
707,707,Kung Fu Panda,/Movie Scripts/Kung Fu Panda Script.html
708,708,L.A. Confidential,/Movie Scripts/L.A. Confidential Script.html
709,709,La La Land,/Movie Scripts/La La Land Script.html
710,710,Labor of Love,/Movie Scripts/Labor of Love Script.html
711,711,Labyrinth,/Movie Scripts/Labyrinth Script.html
712,712,"Ladykillers, The","/Movie Scripts/Ladykillers, The Script.html"
713,713,Lake Placid,/Movie Scripts/Lake Placid Script.html
714,714,Land of the Dead,/Movie Scripts/Land of the Dead Script.html
715,715,Larry Crowne,/Movie Scripts/Larry Crowne Script.html
716,716,"Last Boy Scout, The","/Movie Scripts/Last Boy Scout, The Script.html"
717,717,Last Chance Harvey,/Movie Scripts/Last Chance Harvey Script.html
718,718,"Last Flight, The","/Movie Scripts/Last Flight, The Script.html"
719,719,"Last of the Mohicans, The","/Movie Scripts/Last of the Mohicans, The Script.html"
720,720,"Last Samurai, The","/Movie Scripts/Last Samurai, The Script.html"
721,721,"Last Station, The","/Movie Scripts/Last Station, The Script.html"
722,722,Last Tango in Paris,/Movie Scripts/Last Tango in Paris Script.html
723,723,Law Abiding Citizen,/Movie Scripts/Law Abiding Citizen Script.html
724,724,Le Diable par la Queue,/Movie Scripts/Le Diable par la Queue Script.html
725,725,Leaving Las Vegas,/Movie Scripts/Leaving Las Vegas Script.html
726,726,Legally Blonde,/Movie Scripts/Legally Blonde Script.html
727,727,Legend,/Movie Scripts/Legend Script.html
728,728,Legion,/Movie Scripts/Legion Script.html
729,729,Les Miserables,/Movie Scripts/Les Miserables Script.html
730,730,Les Tontons Flingueurs,/Movie Scripts/Les Tontons Flingueurs Script.html
731,731,Lethal Weapon,/Movie Scripts/Lethal Weapon Script.html
732,732,Lethal Weapon 4,/Movie Scripts/Lethal Weapon 4 Script.html
733,733,Leviathan,/Movie Scripts/Leviathan Script.html
734,734,Liar Liar,/Movie Scripts/Liar Liar Script.html
735,735,Life,/Movie Scripts/Life Script.html
736,736,Life As A House,/Movie Scripts/Life As A House Script.html
737,737,"Life of David Gale, The","/Movie Scripts/Life of David Gale, The Script.html"
738,738,Life of Pi,/Movie Scripts/Life of Pi Script.html
739,739,Light Sleeper,/Movie Scripts/Light Sleeper Script.html
740,740,"Limey, The","/Movie Scripts/Limey, The Script.html"
741,741,Limitless,/Movie Scripts/Limitless Script.html
742,742,Lincoln,/Movie Scripts/Lincoln Script.html
743,743,"Lincoln Lawyer, The","/Movie Scripts/Lincoln Lawyer, The Script.html"
744,744,"Lion King, The","/Movie Scripts/Lion King, The Script.html"
745,745,Little Athens,/Movie Scripts/Little Athens Script.html
746,746,"Little Mermaid, The","/Movie Scripts/Little Mermaid, The Script.html"
747,747,Little Nicky,/Movie Scripts/Little Nicky Script.html
748,748,Living in Oblivion,/Movie Scripts/Living in Oblivion Script.html
749,749,"Lock, Stock and Two Smoking Barrels","/Movie Scripts/Lock, Stock and Two Smoking Barrels Script.html"
750,750,Logan,/Movie Scripts/Logan Script.html
751,751,Logan's Run,/Movie Scripts/Logan's Run Script.html
752,752,Lone Star,/Movie Scripts/Lone Star Script.html
753,753,"Long Kiss Goodnight, The","/Movie Scripts/Long Kiss Goodnight, The Script.html"
754,754,Looper,/Movie Scripts/Looper Script.html
755,755,Lord of Illusions,/Movie Scripts/Lord of Illusions Script.html
756,756,"Lord of the Rings: Fellowship of the Ring, The","/Movie Scripts/Lord of the Rings: Fellowship of the Ring, The Script.html"
757,757,Lord of the Rings: Return of the King,/Movie Scripts/Lord of the Rings: Return of the King Script.html
758,758,Lord of the Rings: The Two Towers,/Movie Scripts/Lord of the Rings: The Two Towers Script.html
759,759,Lord of War,/Movie Scripts/Lord of War Script.html
760,760,"Losers, The","/Movie Scripts/Losers, The Script.html"
761,761,Lost Highway,/Movie Scripts/Lost Highway Script.html
762,762,Lost Horizon,/Movie Scripts/Lost Horizon Script.html
763,763,Lost in Space,/Movie Scripts/Lost in Space Script.html
764,764,Lost in Translation,/Movie Scripts/Lost in Translation Script.html
765,765,Love and Basketball,/Movie Scripts/Love and Basketball Script.html
766,766,Machete,/Movie Scripts/Machete Script.html
767,767,Machine Gun Preacher,/Movie Scripts/Machine Gun Preacher Script.html
768,768,Mad Max 2: The Road Warrior,/Movie Scripts/Mad Max 2: The Road Warrior Script.html
769,769,Made,/Movie Scripts/Made Script.html
770,770,Magnolia,/Movie Scripts/Magnolia Script.html
771,771,"Majestic, The (The Bijou)","/Movie Scripts/Majestic, The (The Bijou) Script.html"
772,772,Major League,/Movie Scripts/Major League Script.html
773,773,Malcolm X,/Movie Scripts/Malcolm X Script.html
774,774,Malibu's Most Wanted,/Movie Scripts/Malibu's Most Wanted Script.html
775,775,Man in the Iron Mask,/Movie Scripts/Man in the Iron Mask Script.html
776,776,Man On Fire,/Movie Scripts/Man On Fire Script.html
777,777,Man on the Moon,/Movie Scripts/Man on the Moon Script.html
778,778,Man Trouble,/Movie Scripts/Man Trouble Script.html
779,779,"Man Who Knew Too Much, The","/Movie Scripts/Man Who Knew Too Much, The Script.html"
780,780,"Man Who Wasn't There, The","/Movie Scripts/Man Who Wasn't There, The Script.html"
781,781,"Manchurian Candidate, The","/Movie Scripts/Manchurian Candidate, The Script.html"
782,782,Manhattan Murder Mystery,/Movie Scripts/Manhattan Murder Mystery Script.html
783,783,Manhunter,/Movie Scripts/Manhunter Script.html
784,784,Margaret,/Movie Scripts/Margaret Script.html
785,785,Margin Call,/Movie Scripts/Margin Call Script.html
786,786,Margot at the Wedding,/Movie Scripts/Margot at the Wedding Script.html
787,787,"Mariachi, El","/Movie Scripts/Mariachi, El Script.html"
788,788,Marley & Me,/Movie Scripts/Marley & Me Script.html
789,789,Martha Marcy May Marlene,/Movie Scripts/Martha Marcy May Marlene Script.html
790,790,"Martian, The","/Movie Scripts/Martian, The Script.html"
791,791,Marty,/Movie Scripts/Marty Script.html
792,792,Mary Poppins,/Movie Scripts/Mary Poppins Script.html
793,793,"Mask, The","/Movie Scripts/Mask, The Script.html"
794,794,Master and Commander,/Movie Scripts/Master and Commander Script.html
795,795,"Master, The","/Movie Scripts/Master, The Script.html"
796,796,Matchstick Men,/Movie Scripts/Matchstick Men Script.html
797,797,"Matrix Reloaded, The","/Movie Scripts/Matrix Reloaded, The Script.html"
798,798,"Matrix, The","/Movie Scripts/Matrix, The Script.html"
799,799,Max Payne,/Movie Scripts/Max Payne Script.html
800,800,Mean Streets,/Movie Scripts/Mean Streets Script.html
801,801,"Mechanic, The","/Movie Scripts/Mechanic, The Script.html"
802,802,Meet Joe Black,/Movie Scripts/Meet Joe Black Script.html
803,803,Meet John Doe,/Movie Scripts/Meet John Doe Script.html
804,804,Megamind,/Movie Scripts/Megamind Script.html
805,805,Memento,/Movie Scripts/Memento Script.html
806,806,Men in Black,/Movie Scripts/Men in Black Script.html
807,807,Men in Black 3,/Movie Scripts/Men in Black 3 Script.html
808,808,"Men Who Stare at Goats, The","/Movie Scripts/Men Who Stare at Goats, The Script.html"
809,809,Metro,/Movie Scripts/Metro Script.html
810,810,Miami Vice,/Movie Scripts/Miami Vice Script.html
811,811,Midnight Cowboy,/Movie Scripts/Midnight Cowboy Script.html
812,812,Midnight Express,/Movie Scripts/Midnight Express Script.html
813,813,Midnight in Paris,/Movie Scripts/Midnight in Paris Script.html
814,814,Mighty Joe Young,/Movie Scripts/Mighty Joe Young Script.html
815,815,Mighty Morphin Power Rangers: The Movie,/Movie Scripts/Mighty Morphin Power Rangers: The Movie Script.html
816,816,Milk,/Movie Scripts/Milk Script.html
817,817,Miller's Crossing,/Movie Scripts/Miller's Crossing Script.html
818,818,Mimic,/Movie Scripts/Mimic Script.html
819,819,Mini's First Time,/Movie Scripts/Mini's First Time Script.html
820,820,Minority Report,/Movie Scripts/Minority Report Script.html
821,821,"Miracle Worker, The","/Movie Scripts/Miracle Worker, The Script.html"
822,822,Mirrors,/Movie Scripts/Mirrors Script.html
823,823,Misery,/Movie Scripts/Misery Script.html
824,824,Mission Impossible,/Movie Scripts/Mission Impossible Script.html
825,825,Mission Impossible II,/Movie Scripts/Mission Impossible II Script.html
826,826,Mission to Mars,/Movie Scripts/Mission to Mars Script.html
827,827,Moneyball,/Movie Scripts/Moneyball Script.html
828,828,Monkeybone,/Movie Scripts/Monkeybone Script.html
829,829,Monster's Ball,/Movie Scripts/Monster's Ball Script.html
830,830,Monte Carlo,/Movie Scripts/Monte Carlo Script.html
831,831,Moon,/Movie Scripts/Moon Script.html
832,832,Moonrise Kingdom,/Movie Scripts/Moonrise Kingdom Script.html
833,833,Moonstruck,/Movie Scripts/Moonstruck Script.html
834,834,Mr Blandings Builds His Dream House,/Movie Scripts/Mr Blandings Builds His Dream House Script.html
835,835,Mr Brooks,/Movie Scripts/Mr Brooks Script.html
836,836,Mr Deeds Goes to Town,/Movie Scripts/Mr Deeds Goes to Town Script.html
837,837,Mr. Holland's Opus,/Movie Scripts/Mr. Holland's Opus Script.html
838,838,Mrs. Brown,/Movie Scripts/Mrs. Brown Script.html
839,839,Mud,/Movie Scripts/Mud Script.html
840,840,Mulan,/Movie Scripts/Mulan Script.html
841,841,Mulholland Drive,/Movie Scripts/Mulholland Drive Script.html
842,842,Mumford,/Movie Scripts/Mumford Script.html
843,843,"Mummy, The","/Movie Scripts/Mummy, The Script.html"
844,844,Music of the Heart,/Movie Scripts/Music of the Heart Script.html
845,845,Mute Witness,/Movie Scripts/Mute Witness Script.html
846,846,My Best Friend's Wedding,/Movie Scripts/My Best Friend's Wedding Script.html
847,847,My Girl,/Movie Scripts/My Girl Script.html
848,848,My Mother Dreams the Satan's Disciples in New York,/Movie Scripts/My Mother Dreams the Satan's Disciples in New York Script.html
849,849,My Week with Marilyn,/Movie Scripts/My Week with Marilyn Script.html
850,850,Mystery Men,/Movie Scripts/Mystery Men Script.html
851,851,Napoleon Dynamite,/Movie Scripts/Napoleon Dynamite Script.html
852,852,Nashville,/Movie Scripts/Nashville Script.html
853,853,Natural Born Killers,/Movie Scripts/Natural Born Killers Script.html
854,854,Never Been Kissed,/Movie Scripts/Never Been Kissed Script.html
855,855,"Neverending Story, The","/Movie Scripts/Neverending Story, The Script.html"
856,856,New York Minute,/Movie Scripts/New York Minute Script.html
857,857,Newsies,/Movie Scripts/Newsies Script.html
858,858,Next,/Movie Scripts/Next Script.html
859,859,Next Friday,/Movie Scripts/Next Friday Script.html
860,860,"Next Three Days, The","/Movie Scripts/Next Three Days, The Script.html"
861,861,Ni vu ni connu,/Movie Scripts/Ni vu ni connu Script.html
862,862,Nick of Time,/Movie Scripts/Nick of Time Script.html
863,863,Night Time (The Poltergeist Treatment),/Movie Scripts/Night Time (The Poltergeist Treatment) Script.html
864,864,Nightbreed,/Movie Scripts/Nightbreed Script.html
865,865,"Nightmare Before Christmas, The","/Movie Scripts/Nightmare Before Christmas, The Script.html"
866,866,"Nightmare Before Christmas, The","/Movie Scripts/Nightmare Before Christmas, The Script.html"
867,867,"Nightmare on Elm Street, A","/Movie Scripts/Nightmare on Elm Street, A Script.html"
868,868,Nightmare on Elm Street: The Final Chapter,/Movie Scripts/Nightmare on Elm Street: The Final Chapter Script.html
869,869,Nine,/Movie Scripts/Nine Script.html
870,870,"Nines, The","/Movie Scripts/Nines, The Script.html"
871,871,Ninja Assassin,/Movie Scripts/Ninja Assassin Script.html
872,872,Ninotchka,/Movie Scripts/Ninotchka Script.html
873,873,"Ninth Gate, The","/Movie Scripts/Ninth Gate, The Script.html"
874,874,No Country for Old Men,/Movie Scripts/No Country for Old Men Script.html
875,875,No Strings Attached,/Movie Scripts/No Strings Attached Script.html
876,876,Notting Hill,/Movie Scripts/Notting Hill Script.html
877,877,Nurse Betty,/Movie Scripts/Nurse Betty Script.html
878,878,O Brother Where Art Thou?,/Movie Scripts/O Brother Where Art Thou? Script.html
879,879,Oblivion,/Movie Scripts/Oblivion Script.html
880,880,Observe and Report,/Movie Scripts/Observe and Report Script.html
881,881,Obsessed,/Movie Scripts/Obsessed Script.html
882,882,Ocean's Eleven,/Movie Scripts/Ocean's Eleven Script.html
883,883,Ocean's Twelve,/Movie Scripts/Ocean's Twelve Script.html
884,884,Office Space,/Movie Scripts/Office Space Script.html
885,885,"Officer and a Gentleman, An","/Movie Scripts/Officer and a Gentleman, An Script.html"
886,886,Omega Man,/Movie Scripts/Omega Man Script.html
887,887,One Flew Over the Cuckoo's Nest,/Movie Scripts/One Flew Over the Cuckoo's Nest Script.html
888,888,Only God Forgives,/Movie Scripts/Only God Forgives Script.html
889,889,Ordinary People,/Movie Scripts/Ordinary People Script.html
890,890,Orgy of the Dead,/Movie Scripts/Orgy of the Dead Script.html
891,891,Orphan,/Movie Scripts/Orphan Script.html
892,892,"Other Boleyn Girl, The","/Movie Scripts/Other Boleyn Girl, The Script.html"
893,893,Out of Sight,/Movie Scripts/Out of Sight Script.html
894,894,Outbreak,/Movie Scripts/Outbreak Script.html
895,895,"Pacifier, The","/Movie Scripts/Pacifier, The Script.html"
896,896,Pandorum,/Movie Scripts/Pandorum Script.html
897,897,Panic Room,/Movie Scripts/Panic Room Script.html
898,898,Papadopoulos & Sons,/Movie Scripts/Papadopoulos & Sons Script.html
899,899,ParaNorman,/Movie Scripts/ParaNorman Script.html
900,900,Pariah,/Movie Scripts/Pariah Script.html
901,901,"Passion of Joan of Arc, The","/Movie Scripts/Passion of Joan of Arc, The Script.html"
902,902,"Patriot, The","/Movie Scripts/Patriot, The Script.html"
903,903,Paul,/Movie Scripts/Paul Script.html
904,904,Pearl Harbor,/Movie Scripts/Pearl Harbor Script.html
905,905,Peeping Tom,/Movie Scripts/Peeping Tom Script.html
906,906,Peggy Sue Got Married,/Movie Scripts/Peggy Sue Got Married Script.html
907,907,Perfect Creature,/Movie Scripts/Perfect Creature Script.html
908,908,"Perfect World, A","/Movie Scripts/Perfect World, A Script.html"
909,909,"Perks of Being a Wallflower, The","/Movie Scripts/Perks of Being a Wallflower, The Script.html"
910,910,Pet Sematary,/Movie Scripts/Pet Sematary Script.html
911,911,Pet Sematary II,/Movie Scripts/Pet Sematary II Script.html
912,912,Petulia,/Movie Scripts/Petulia Script.html
913,913,Philadelphia,/Movie Scripts/Philadelphia Script.html
914,914,Phone Booth,/Movie Scripts/Phone Booth Script.html
915,915,Pi,/Movie Scripts/Pi Script.html
916,916,"Pianist, The","/Movie Scripts/Pianist, The Script.html"
917,917,"Piano, The","/Movie Scripts/Piano, The Script.html"
918,918,Pineapple Express,/Movie Scripts/Pineapple Express Script.html
919,919,Pirates of the Caribbean,/Movie Scripts/Pirates of the Caribbean Script.html
920,920,Pirates of the Caribbean: Dead Man's Chest,/Movie Scripts/Pirates of the Caribbean: Dead Man's Chest Script.html
921,921,Pitch Black,/Movie Scripts/Pitch Black Script.html
922,922,"Planet of the Apes, The","/Movie Scripts/Planet of the Apes, The Script.html"
923,923,Platinum Blonde,/Movie Scripts/Platinum Blonde Script.html
924,924,Platoon,/Movie Scripts/Platoon Script.html
925,925,Pleasantville,/Movie Scripts/Pleasantville Script.html
926,926,Point Break,/Movie Scripts/Point Break Script.html
927,927,Pokemon: Mewtwo Returns,/Movie Scripts/Pokemon: Mewtwo Returns Script.html
928,928,"Postman, The","/Movie Scripts/Postman, The Script.html"
929,929,"Power of One, The","/Movie Scripts/Power of One, The Script.html"
930,930,Precious,/Movie Scripts/Precious Script.html
931,931,Predator,/Movie Scripts/Predator Script.html
932,932,"Prestige, The","/Movie Scripts/Prestige, The Script.html"
933,933,Pretty Woman,/Movie Scripts/Pretty Woman Script.html
934,934,Pretty Woman (final script),/Movie Scripts/Pretty Woman (final script) Script.html
935,935,Pride and Prejudice,/Movie Scripts/Pride and Prejudice Script.html
936,936,Priest,/Movie Scripts/Priest Script.html
937,937,"Princess Bride, The","/Movie Scripts/Princess Bride, The Script.html"
938,938,"Private Life of Sherlock Holmes, The","/Movie Scripts/Private Life of Sherlock Holmes, The Script.html"
939,939,"Producer, The","/Movie Scripts/Producer, The Script.html"
940,940,"Program, The","/Movie Scripts/Program, The Script.html"
941,941,Prom Night,/Movie Scripts/Prom Night Script.html
942,942,Prometheus,/Movie Scripts/Prometheus Script.html
943,943,"Prophecy, The","/Movie Scripts/Prophecy, The Script.html"
944,944,"Proposal, The","/Movie Scripts/Proposal, The Script.html"
945,945,Psycho,/Movie Scripts/Psycho Script.html
946,946,Public Enemies,/Movie Scripts/Public Enemies Script.html
947,947,Pulp Fiction,/Movie Scripts/Pulp Fiction Script.html
948,948,Punch-Drunk Love,/Movie Scripts/Punch-Drunk Love Script.html
949,949,Purple Rain,/Movie Scripts/Purple Rain Script.html
950,950,Quantum Project,/Movie Scripts/Quantum Project Script.html
951,951,Queen of the Damned,/Movie Scripts/Queen of the Damned Script.html
952,952,"Queen, The","/Movie Scripts/Queen, The Script.html"
953,953,Rachel Getting Married,/Movie Scripts/Rachel Getting Married Script.html
954,954,Raging Bull,/Movie Scripts/Raging Bull Script.html
955,955,Raising Arizona,/Movie Scripts/Raising Arizona Script.html
956,956,Rambling Rose,/Movie Scripts/Rambling Rose Script.html
957,957,Rambo: First Blood II: The Mission,/Movie Scripts/Rambo: First Blood II: The Mission Script.html
958,958,"Reader, The","/Movie Scripts/Reader, The Script.html"
959,959,Real Genius,/Movie Scripts/Real Genius Script.html
960,960,Rear Window,/Movie Scripts/Rear Window Script.html
961,961,Rebel Without A Cause,/Movie Scripts/Rebel Without A Cause Script.html
962,962,Red Planet,/Movie Scripts/Red Planet Script.html
963,963,Red Riding Hood,/Movie Scripts/Red Riding Hood Script.html
964,964,Reindeer Games,/Movie Scripts/Reindeer Games Script.html
965,965,"Relic, The","/Movie Scripts/Relic, The Script.html"
966,966,Remember Me,/Movie Scripts/Remember Me Script.html
967,967,"Replacements, The","/Movie Scripts/Replacements, The Script.html"
968,968,Repo Man,/Movie Scripts/Repo Man Script.html
969,969,"Rescuers Down Under, The","/Movie Scripts/Rescuers Down Under, The Script.html"
970,970,Reservoir Dogs,/Movie Scripts/Reservoir Dogs Script.html
971,971,Resident Evil,/Movie Scripts/Resident Evil Script.html
972,972,Return of the Apes,/Movie Scripts/Return of the Apes Script.html
973,973,"Revenant, The","/Movie Scripts/Revenant, The Script.html"
974,974,Revolutionary Road,/Movie Scripts/Revolutionary Road Script.html
975,975,Ringu,/Movie Scripts/Ringu Script.html
976,976,Rise of the Guardians,/Movie Scripts/Rise of the Guardians Script.html
977,977,Rise of the Planet of the Apes,/Movie Scripts/Rise of the Planet of the Apes Script.html
978,978,RKO 281,/Movie Scripts/RKO 281 Script.html
979,979,"Road, The","/Movie Scripts/Road, The Script.html"
980,980,Robin Hood: Prince of Thieves,/Movie Scripts/Robin Hood: Prince of Thieves Script.html
981,981,Robocop,/Movie Scripts/Robocop Script.html
982,982,"Rock, The","/Movie Scripts/Rock, The Script.html"
983,983,RocknRolla,/Movie Scripts/RocknRolla Script.html
984,984,Rocky,/Movie Scripts/Rocky Script.html
985,985,"Rocky Horror Picture Show, The","/Movie Scripts/Rocky Horror Picture Show, The Script.html"
986,986,Romeo & Juliet,/Movie Scripts/Romeo & Juliet Script.html
987,987,Ronin,/Movie Scripts/Ronin Script.html
988,988,Room,/Movie Scripts/Room Script.html
989,989,"Roommate, The","/Movie Scripts/Roommate, The Script.html"
990,990,Roughshod,/Movie Scripts/Roughshod Script.html
991,991,"Ruins, The","/Movie Scripts/Ruins, The Script.html"
992,992,Runaway Bride,/Movie Scripts/Runaway Bride Script.html
993,993,Rush,/Movie Scripts/Rush Script.html
994,994,Rush Hour,/Movie Scripts/Rush Hour Script.html
995,995,Rush Hour 2,/Movie Scripts/Rush Hour 2 Script.html
996,996,Rushmore,/Movie Scripts/Rushmore Script.html
997,997,Rust and Bone,/Movie Scripts/Rust and Bone Script.html
998,998,S. Darko,/Movie Scripts/S. Darko Script.html
999,999,"Saint, The","/Movie Scripts/Saint, The Script.html"
1000,1000,"Salton Sea, The","/Movie Scripts/Salton Sea, The Script.html"
1001,1001,"Sandlot Kids, The","/Movie Scripts/Sandlot Kids, The Script.html"
1002,1002,Save the Last Dance,/Movie Scripts/Save the Last Dance Script.html
1003,1003,Saving Mr. Banks,/Movie Scripts/Saving Mr. Banks Script.html
1004,1004,Saving Private Ryan,/Movie Scripts/Saving Private Ryan Script.html
1005,1005,Saw,/Movie Scripts/Saw Script.html
1006,1006,Scarface,/Movie Scripts/Scarface Script.html
1007,1007,Scary Movie 2,/Movie Scripts/Scary Movie 2 Script.html
1008,1008,Schindler's List,/Movie Scripts/Schindler's List Script.html
1009,1009,Scott Pilgrim vs the World,/Movie Scripts/Scott Pilgrim vs the World Script.html
1010,1010,Scream,/Movie Scripts/Scream Script.html
1011,1011,Scream 2,/Movie Scripts/Scream 2 Script.html
1012,1012,Scream 3,/Movie Scripts/Scream 3 Script.html
1013,1013,Se7en,/Movie Scripts/Se7en Script.html
1014,1014,"Searchers, The","/Movie Scripts/Searchers, The Script.html"
1015,1015,"Secret Life of Walter Mitty, The","/Movie Scripts/Secret Life of Walter Mitty, The Script.html"
1016,1016,Semi-Pro,/Movie Scripts/Semi-Pro Script.html
1017,1017,Sense and Sensibility,/Movie Scripts/Sense and Sensibility Script.html
1018,1018,Serenity,/Movie Scripts/Serenity Script.html
1019,1019,Serial Mom,/Movie Scripts/Serial Mom Script.html
1020,1020,"Sessions, The","/Movie Scripts/Sessions, The Script.html"
1021,1021,"Seventh Seal, The","/Movie Scripts/Seventh Seal, The Script.html"
1022,1022,Sex and the City,/Movie Scripts/Sex and the City Script.html
1023,1023,"Sex, Lies and Videotape","/Movie Scripts/Sex, Lies and Videotape Script.html"
1024,1024,Sexual Life,/Movie Scripts/Sexual Life Script.html
1025,1025,Shadow of the Vampire,/Movie Scripts/Shadow of the Vampire Script.html
1026,1026,Shakespeare in Love,/Movie Scripts/Shakespeare in Love Script.html
1027,1027,Shallow Grave,/Movie Scripts/Shallow Grave Script.html
1028,1028,Shame,/Movie Scripts/Shame Script.html
1029,1029,Shampoo,/Movie Scripts/Shampoo Script.html
1030,1030,"Shawshank Redemption, The","/Movie Scripts/Shawshank Redemption, The Script.html"
1031,1031,She's Out of My League,/Movie Scripts/She's Out of My League Script.html
1032,1032,Sherlock Holmes,/Movie Scripts/Sherlock Holmes Script.html
1033,1033,Shifty,/Movie Scripts/Shifty Script.html
1034,1034,"Shining, The","/Movie Scripts/Shining, The Script.html"
1035,1035,"Shipping News, The","/Movie Scripts/Shipping News, The Script.html"
1036,1036,Shivers,/Movie Scripts/Shivers Script.html
1037,1037,Shrek,/Movie Scripts/Shrek Script.html
1038,1038,Shrek the Third,/Movie Scripts/Shrek the Third Script.html
1039,1039,Sicario,/Movie Scripts/Sicario Script.html
1040,1040,Sideways,/Movie Scripts/Sideways Script.html
1041,1041,"Siege, The","/Movie Scripts/Siege, The Script.html"
1042,1042,Signs,/Movie Scripts/Signs Script.html
1043,1043,Silence of the Lambs,/Movie Scripts/Silence of the Lambs Script.html
1044,1044,Silver Bullet,/Movie Scripts/Silver Bullet Script.html
1045,1045,Silver Linings Playbook,/Movie Scripts/Silver Linings Playbook Script.html
1046,1046,Simone,/Movie Scripts/Simone Script.html
1047,1047,Single White Female,/Movie Scripts/Single White Female Script.html
1048,1048,Sister Act,/Movie Scripts/Sister Act Script.html
1049,1049,Six Degrees of Separation,/Movie Scripts/Six Degrees of Separation Script.html
1050,1050,"Sixth Sense, The","/Movie Scripts/Sixth Sense, The Script.html"
1051,1051,Sleepless in Seattle,/Movie Scripts/Sleepless in Seattle Script.html
1052,1052,Sleepy Hollow,/Movie Scripts/Sleepy Hollow Script.html
1053,1053,Sling Blade,/Movie Scripts/Sling Blade Script.html
1054,1054,Slither,/Movie Scripts/Slither Script.html
1055,1055,Slumdog Millionaire,/Movie Scripts/Slumdog Millionaire Script.html
1056,1056,Smashed,/Movie Scripts/Smashed Script.html
1057,1057,Smokin' Aces,/Movie Scripts/Smokin' Aces Script.html
1058,1058,Snatch,/Movie Scripts/Snatch Script.html
1059,1059,Sneakers,/Movie Scripts/Sneakers Script.html
1060,1060,Snow Falling On Cedars,/Movie Scripts/Snow Falling On Cedars Script.html
1061,1061,Snow White and the Huntsman,/Movie Scripts/Snow White and the Huntsman Script.html
1062,1062,So I Married an Axe Murderer,/Movie Scripts/So I Married an Axe Murderer Script.html
1063,1063,"Social Network, The","/Movie Scripts/Social Network, The Script.html"
1064,1064,Solaris,/Movie Scripts/Solaris Script.html
1065,1065,Soldier,/Movie Scripts/Soldier Script.html
1066,1066,Someone To Watch Over Me,/Movie Scripts/Someone To Watch Over Me Script.html
1067,1067,Something's Gotta Give,/Movie Scripts/Something's Gotta Give Script.html
1068,1068,Source Code,/Movie Scripts/Source Code Script.html
1069,1069,South Park,/Movie Scripts/South Park Script.html
1070,1070,Space Milkshake,/Movie Scripts/Space Milkshake Script.html
1071,1071,Spanglish,/Movie Scripts/Spanglish Script.html
1072,1072,Spare Me,/Movie Scripts/Spare Me Script.html
1073,1073,Spartan,/Movie Scripts/Spartan Script.html
1074,1074,Speed,/Movie Scripts/Speed Script.html
1075,1075,Speed Racer,/Movie Scripts/Speed Racer Script.html
1076,1076,Sphere,/Movie Scripts/Sphere Script.html
1077,1077,Spider-Man,/Movie Scripts/Spider-Man Script.html
1078,1078,St. Elmo's Fire,/Movie Scripts/St. Elmo's Fire Script.html
1079,1079,Star Trek,/Movie Scripts/Star Trek Script.html
1080,1080,Star Trek II: The Wrath of Khan,/Movie Scripts/Star Trek II: The Wrath of Khan Script.html
1081,1081,Star Trek: First Contact,/Movie Scripts/Star Trek: First Contact Script.html
1082,1082,Star Trek: Generations,/Movie Scripts/Star Trek: Generations Script.html
1083,1083,Star Trek: Nemesis,/Movie Scripts/Star Trek: Nemesis Script.html
1084,1084,Star Trek: The Motion Picture,/Movie Scripts/Star Trek: The Motion Picture Script.html
1085,1085,Star Wars: A New Hope,/Movie Scripts/Star Wars: A New Hope Script.html
1086,1086,Star Wars: Attack of the Clones,/Movie Scripts/Star Wars: Attack of the Clones Script.html
1087,1087,Star Wars: Return of the Jedi,/Movie Scripts/Star Wars: Return of the Jedi Script.html
1088,1088,Star Wars: Revenge of the Sith,/Movie Scripts/Star Wars: Revenge of the Sith Script.html
1089,1089,Star Wars: The Empire Strikes Back,/Movie Scripts/Star Wars: The Empire Strikes Back Script.html
1090,1090,Star Wars: The Force Awakens,/Movie Scripts/Star Wars: The Force Awakens Script.html
1091,1091,Star Wars: The Phantom Menace,/Movie Scripts/Star Wars: The Phantom Menace Script.html
1092,1092,Starman,/Movie Scripts/Starman Script.html
1093,1093,Starship Troopers,/Movie Scripts/Starship Troopers Script.html
1094,1094,State and Main,/Movie Scripts/State and Main Script.html
1095,1095,Station West,/Movie Scripts/Station West Script.html
1096,1096,Stepmom,/Movie Scripts/Stepmom Script.html
1097,1097,"Sting, The","/Movie Scripts/Sting, The Script.html"
1098,1098,Stir of Echoes,/Movie Scripts/Stir of Echoes Script.html
1099,1099,Storytelling,/Movie Scripts/Storytelling Script.html
1100,1100,Straight Outta Compton,/Movie Scripts/Straight Outta Compton Script.html
1101,1101,Strange Days,/Movie Scripts/Strange Days Script.html
1102,1102,Strangers on a Train,/Movie Scripts/Strangers on a Train Script.html
1103,1103,"Stuntman, The","/Movie Scripts/Stuntman, The Script.html"
1104,1104,Sugar,/Movie Scripts/Sugar Script.html
1105,1105,Sugar and Spice,/Movie Scripts/Sugar and Spice Script.html
1106,1106,Sunset Blvd.,/Movie Scripts/Sunset Blvd. Script.html
1107,1107,Sunshine Cleaning,/Movie Scripts/Sunshine Cleaning Script.html
1108,1108,Super 8,/Movie Scripts/Super 8 Script.html
1109,1109,Superbad,/Movie Scripts/Superbad Script.html
1110,1110,Superfights,/Movie Scripts/Superfights Script.html
1111,1111,Supergirl,/Movie Scripts/Supergirl Script.html
1112,1112,"Surfer King, The","/Movie Scripts/Surfer King, The Script.html"
1113,1113,Surrogates,/Movie Scripts/Surrogates Script.html
1114,1114,Suspect Zero,/Movie Scripts/Suspect Zero Script.html
1115,1115,Sweeney Todd: The Demon Barber of Fleet Street,/Movie Scripts/Sweeney Todd: The Demon Barber of Fleet Street Script.html
1116,1116,"Sweet Hereafter, The","/Movie Scripts/Sweet Hereafter, The Script.html"
1117,1117,Sweet Smell of Success,/Movie Scripts/Sweet Smell of Success Script.html
1118,1118,Swingers,/Movie Scripts/Swingers Script.html
1119,1119,Swordfish,/Movie Scripts/Swordfish Script.html
1120,1120,"Synecdoche, New York","/Movie Scripts/Synecdoche, New York Script.html"
1121,1121,Syriana,/Movie Scripts/Syriana Script.html
1122,1122,Take Shelter,/Movie Scripts/Take Shelter Script.html
1123,1123,Taking Lives,/Movie Scripts/Taking Lives Script.html
1124,1124,"Taking of Pelham One Two Three, The","/Movie Scripts/Taking of Pelham One Two Three, The Script.html"
1125,1125,Taking Sides,/Movie Scripts/Taking Sides Script.html
1126,1126,"Talented Mr. Ripley, The","/Movie Scripts/Talented Mr. Ripley, The Script.html"
1127,1127,Tall in the Saddle,/Movie Scripts/Tall in the Saddle Script.html
1128,1128,Tamara Drewe,/Movie Scripts/Tamara Drewe Script.html
1129,1129,Taxi Driver,/Movie Scripts/Taxi Driver Script.html
1130,1130,Ted,/Movie Scripts/Ted Script.html
1131,1131,Terminator,/Movie Scripts/Terminator Script.html
1132,1132,Terminator 2: Judgement Day,/Movie Scripts/Terminator 2: Judgement Day Script.html
1133,1133,Terminator Salvation,/Movie Scripts/Terminator Salvation Script.html
1134,1134,The Rage: Carrie 2,/Movie Scripts/The Rage: Carrie 2 Script.html
1135,1135,Thelma & Louise,/Movie Scripts/Thelma & Louise Script.html
1136,1136,"Theory of Everything, The","/Movie Scripts/Theory of Everything, The Script.html"
1137,1137,There's Something About Mary,/Movie Scripts/There's Something About Mary Script.html
1138,1138,They,/Movie Scripts/They Script.html
1139,1139,"Thing, The","/Movie Scripts/Thing, The Script.html"
1140,1140,"Things My Father Never Taught Me, The","/Movie Scripts/Things My Father Never Taught Me, The Script.html"
1141,1141,Thirteen Days,/Movie Scripts/Thirteen Days Script.html
1142,1142,This Boy's Life,/Movie Scripts/This Boy's Life Script.html
1143,1143,This is 40,/Movie Scripts/This is 40 Script.html
1144,1144,Thor,/Movie Scripts/Thor Script.html
1145,1145,Thor Ragnarok,/Movie Scripts/Thor Ragnarok Script.html
1146,1146,Three Kings,/Movie Scripts/Three Kings Script.html
1147,1147,Three Kings (Spoils of War),/Movie Scripts/Three Kings (Spoils of War) Script.html
1148,1148,Three Men and a Baby,/Movie Scripts/Three Men and a Baby Script.html
1149,1149,"Three Musketeers, The","/Movie Scripts/Three Musketeers, The Script.html"
1150,1150,Thunderbirds,/Movie Scripts/Thunderbirds Script.html
1151,1151,Thunderheart,/Movie Scripts/Thunderheart Script.html
1152,1152,Ticker,/Movie Scripts/Ticker Script.html
1153,1153,Timber Falls,/Movie Scripts/Timber Falls Script.html
1154,1154,"Time Machine, The","/Movie Scripts/Time Machine, The Script.html"
1155,1155,Tin Cup,/Movie Scripts/Tin Cup Script.html
1156,1156,Tin Men,/Movie Scripts/Tin Men Script.html
1157,1157,Tinker Tailor Soldier Spy,/Movie Scripts/Tinker Tailor Soldier Spy Script.html
1158,1158,Titanic,/Movie Scripts/Titanic Script.html
1159,1159,TMNT,/Movie Scripts/TMNT Script.html
1160,1160,To Sleep with Anger,/Movie Scripts/To Sleep with Anger Script.html
1161,1161,Tombstone,/Movie Scripts/Tombstone Script.html
1162,1162,Tomorrow Never Dies,/Movie Scripts/Tomorrow Never Dies Script.html
1163,1163,Top Gun,/Movie Scripts/Top Gun Script.html
1164,1164,Total Recall,/Movie Scripts/Total Recall Script.html
1165,1165,"Tourist, The","/Movie Scripts/Tourist, The Script.html"
1166,1166,Toy Story,/Movie Scripts/Toy Story Script.html
1167,1167,Traffic,/Movie Scripts/Traffic Script.html
1168,1168,Training Day,/Movie Scripts/Training Day Script.html
1169,1169,Trainspotting,/Movie Scripts/Trainspotting Script.html
1170,1170,Transformers: The Movie,/Movie Scripts/Transformers: The Movie Script.html
1171,1171,Tremors,/Movie Scripts/Tremors Script.html
1172,1172,Tristan and Isolde,/Movie Scripts/Tristan and Isolde Script.html
1173,1173,TRON,/Movie Scripts/TRON Script.html
1174,1174,TRON: Legacy,/Movie Scripts/TRON: Legacy Script.html
1175,1175,Tropic Thunder,/Movie Scripts/Tropic Thunder Script.html
1176,1176,Troy,/Movie Scripts/Troy Script.html
1177,1177,True Grit,/Movie Scripts/True Grit Script.html
1178,1178,True Lies,/Movie Scripts/True Lies Script.html
1179,1179,True Romance,/Movie Scripts/True Romance Script.html
1180,1180,"Truman Show, The","/Movie Scripts/Truman Show, The Script.html"
1181,1181,Twilight,/Movie Scripts/Twilight Script.html
1182,1182,Twilight: New Moon,/Movie Scripts/Twilight: New Moon Script.html
1183,1183,Twin Peaks,/Movie Scripts/Twin Peaks Script.html
1184,1184,Twins,/Movie Scripts/Twins Script.html
1185,1185,Two For The Money,/Movie Scripts/Two For The Money Script.html
1186,1186,U Turn,/Movie Scripts/U Turn Script.html
1187,1187,"Ugly Truth, The","/Movie Scripts/Ugly Truth, The Script.html"
1188,1188,Un Singe en Hiver,/Movie Scripts/Un Singe en Hiver Script.html
1189,1189,Unbreakable,/Movie Scripts/Unbreakable Script.html
1190,1190,Under Fire,/Movie Scripts/Under Fire Script.html
1191,1191,Unforgiven,/Movie Scripts/Unforgiven Script.html
1192,1192,Unknown,/Movie Scripts/Unknown Script.html
1193,1193,Up,/Movie Scripts/Up Script.html
1194,1194,Up in the Air,/Movie Scripts/Up in the Air Script.html
1195,1195,"Usual Suspects, The","/Movie Scripts/Usual Suspects, The Script.html"
1196,1196,V for Vendetta,/Movie Scripts/V for Vendetta Script.html
1197,1197,Valentine's Day,/Movie Scripts/Valentine's Day Script.html
1198,1198,Valkyrie,/Movie Scripts/Valkyrie Script.html
1199,1199,Vanilla Sky,/Movie Scripts/Vanilla Sky Script.html
1200,1200,"Verdict, The","/Movie Scripts/Verdict, The Script.html"
1201,1201,Vertigo,/Movie Scripts/Vertigo Script.html
1202,1202,Very Bad Things,/Movie Scripts/Very Bad Things Script.html
1203,1203,"Village, The","/Movie Scripts/Village, The Script.html"
1204,1204,Virtuosity,/Movie Scripts/Virtuosity Script.html
1205,1205,"Visitor, The","/Movie Scripts/Visitor, The Script.html"
1206,1206,Wag the Dog,/Movie Scripts/Wag the Dog Script.html
1207,1207,"Walk to Remember, A","/Movie Scripts/Walk to Remember, A Script.html"
1208,1208,Walking Tall,/Movie Scripts/Walking Tall Script.html
1209,1209,Wall Street,/Movie Scripts/Wall Street Script.html
1210,1210,Wall Street: Money Never Sleeps,/Movie Scripts/Wall Street: Money Never Sleeps Script.html
1211,1211,Wall-E,/Movie Scripts/Wall-E Script.html
1212,1212,Wanted,/Movie Scripts/Wanted Script.html
1213,1213,War for the Planet of the Apes,/Movie Scripts/War for the Planet of the Apes Script.html
1214,1214,War Horse,/Movie Scripts/War Horse Script.html
1215,1215,War of the Worlds,/Movie Scripts/War of the Worlds Script.html
1216,1216,Warm Springs,/Movie Scripts/Warm Springs Script.html
1217,1217,Warrior,/Movie Scripts/Warrior Script.html
1218,1218,Watchmen,/Movie Scripts/Watchmen Script.html
1219,1219,Water for Elephants,/Movie Scripts/Water for Elephants Script.html
1220,1220,"Way Back, The","/Movie Scripts/Way Back, The Script.html"
1221,1221,We Own the Night,/Movie Scripts/We Own the Night Script.html
1222,1222,What About Bob?,/Movie Scripts/What About Bob? Script.html
1223,1223,What Lies Beneath,/Movie Scripts/What Lies Beneath Script.html
1224,1224,When a Stranger Calls,/Movie Scripts/When a Stranger Calls Script.html
1225,1225,When Harry Met Sally,/Movie Scripts/When Harry Met Sally Script.html
1226,1226,While She Was Out,/Movie Scripts/While She Was Out Script.html
1227,1227,"Whistleblower, The","/Movie Scripts/Whistleblower, The Script.html"
1228,1228,White Christmas,/Movie Scripts/White Christmas Script.html
1229,1229,White Jazz,/Movie Scripts/White Jazz Script.html
1230,1230,"White Ribbon, The","/Movie Scripts/White Ribbon, The Script.html"
1231,1231,White Squall,/Movie Scripts/White Squall Script.html
1232,1232,Whiteout,/Movie Scripts/Whiteout Script.html
1233,1233,Who Framed Roger Rabbit?,/Movie Scripts/Who Framed Roger Rabbit? Script.html
1234,1234,Who's Your Daddy,/Movie Scripts/Who's Your Daddy Script.html
1235,1235,Wild At Heart,/Movie Scripts/Wild At Heart Script.html
1236,1236,"Wild Bunch, The","/Movie Scripts/Wild Bunch, The Script.html"
1237,1237,Wild Hogs,/Movie Scripts/Wild Hogs Script.html
1238,1238,Wild Things,/Movie Scripts/Wild Things Script.html
1239,1239,Wild Things: Diamonds in the Rough,/Movie Scripts/Wild Things: Diamonds in the Rough Script.html
1240,1240,Wild Wild West,/Movie Scripts/Wild Wild West Script.html
1241,1241,Willow,/Movie Scripts/Willow Script.html
1242,1242,Win Win,/Movie Scripts/Win Win Script.html
1243,1243,Wind Chill,/Movie Scripts/Wind Chill Script.html
1244,1244,Withnail and I,/Movie Scripts/Withnail and I Script.html
1245,1245,Witness,/Movie Scripts/Witness Script.html
1246,1246,"Wizard of Oz, The","/Movie Scripts/Wizard of Oz, The Script.html"
1247,1247,"Wolf of Wall Street, The","/Movie Scripts/Wolf of Wall Street, The Script.html"
1248,1248,Wonder Boys,/Movie Scripts/Wonder Boys Script.html
1249,1249,"Woodsman, The","/Movie Scripts/Woodsman, The Script.html"
1250,1250,"World is not Enough, The","/Movie Scripts/World is not Enough, The Script.html"
1251,1251,"Wrestler, The","/Movie Scripts/Wrestler, The Script.html"
1252,1252,"X-Files: Fight the Future, The","/Movie Scripts/X-Files: Fight the Future, The Script.html"
1253,1253,X-Men,/Movie Scripts/X-Men Script.html
1254,1254,X-Men Origins: Wolverine,/Movie Scripts/X-Men Origins: Wolverine Script.html
1255,1255,xXx,/Movie Scripts/xXx Script.html
1256,1256,Year One,/Movie Scripts/Year One Script.html
1257,1257,Yes Man,/Movie Scripts/Yes Man Script.html
1258,1258,You Can Count On Me,/Movie Scripts/You Can Count On Me Script.html
1259,1259,You've Got Mail,/Movie Scripts/You've Got Mail Script.html
1260,1260,Youth in Revolt,/Movie Scripts/Youth in Revolt Script.html
1261,1261,Zero Dark Thirty,/Movie Scripts/Zero Dark Thirty Script.html
1262,1262,Zerophilia,/Movie Scripts/Zerophilia Script.html
1263,1263,Zootopia,/Movie Scripts/Zootopia Script.html
